id,region,resp,__time__
PFP4ND5ODMACC,1416,"infoList:<PlanID:3 HeroUidList:""FHNDH9WT2XC"" HeroUidList:""FHNDHKMNNPC"" HeroUidList:""FHNDKM8CGJC"" HeroUidList:""FHNDHKCBDOC"" HeroUidList:""FHND9M89RVC"" heroList:<HeroUid:""FHNDH9WT2XC"" HeroID:34 Star:11 Grade:49 Level:2400 Seat:1 Force:579015596 Attributes:<Type:131 Value:0.02 > Attributes:<Type:122 Value:0.025 > Attributes:<Type:100 Value:0 > Attributes:<Type:124 Value:0.36 > Attributes:<Type:134 Value:0.02 > Attributes:<Type:104 Value:0.043 > Attributes:<Type:127 Value:0.024 > Attributes:<Type:133 Value:0.015 > Attributes:<Type:105 Value:0.022 > Attributes:<Type:110 Value:0.01 > Attributes:<Type:116 Value:0.039 > Attributes:<Type:101 Value:0.0108 > Attributes:<Type:118 Value:0 > Attributes:<Type:0 Value:3.7235571340262406e+07 > Attributes:<Type:123 Value:0.01 > Attributes:<Type:119 Value:0.006 > Attributes:<Type:120 Value:0.03 > Attributes:<Type:205 Value:0.05 > Attributes:<Type:117 Value:0.024 > Attributes:<Type:130 Value:0.02 > Attributes:<Type:207 Value:0.1 > Attributes:<Type:132 Value:0.02 > Attributes:<Type:14 Value:0 > Attributes:<Type:1 Value:2.81131025429604e+08 > Attributes:<Type:115 Value:0.024 > Attributes:<Type:202 Value:0.015 > CreateTime:1736007065 AltarCellID:0 Skin:0 SubStar:0 Awake:0 > heroList:<HeroUid:""FHNDHKMNNPC"" HeroID:35 Star:9 Grade:49 Level:2400 Seat:2 Force:410644022 Attributes:<Type:132 Value:0.02 > Attributes:<Type:122 Value:0.025 > Attributes:<Type:123 Value:0.01 > Attributes:<Type:116 Value:0.039 > Attributes:<Type:130 Value:0.02 > Attributes:<Type:127 Value:0.024 > Attributes:<Type:124 Value:0.24 > Attributes:<Type:1 Value:2.000463019710555e+08 > Attributes:<Type:120 Value:0.03 > Attributes:<Type:134 Value:0.02 > Attributes:<Type:110 Value:0.01 > Attributes:<Type:117 Value:0.024 > Attributes:<Type:131 Value:0.02 > Attributes:<Type:202 Value:0.015 > Attributes:<Type:205 Value:0.05 > Attributes:<Type:100 Value:0 > Attributes:<Type:0 Value:2.6324715095638204e+07 > Attributes:<Type:105 Value:0.022 > Attributes:<Type:115 Value:0.024 > Attributes:<Type:104 Value:0.043 > Attributes:<Type:133",2025-04-03 00:17:10
GTLNDXOJXSUC,566,"infoList:<PlanID:7 HeroUidList:""FHNDXOY1S8F"" HeroUidList:""FHNDR2ZH1WP"" HeroUidList:""FHND3DCAM8C"" HeroUidList:""FHNDAPBBNPC"" HeroUidList:""FHNDTU8WXYC"" WallSkillList:6000 WallSkillList:6010 WallSkillList:0 > infoList:<PlanID:12 HeroUidList:""FHNDTU8WXYC"" HeroUidList:""FHNDR2ZH1WP"" HeroUidList:""FHND3DCAM8C"" HeroUidList:""FHNDAPBBNPC"" HeroUidList:""FHNDVIY0EQC"" WallSkillList:6010 WallSkillList:6000 WallSkillList:6001 > infoList:<PlanID:13 HeroUidList:""FHNDXOJ6Z6C"" HeroUidList:""FHNDRPWDBNC"" HeroUidList:""FHNDBT1TN0C"" HeroUidList:""FHND2IBYH4F"" HeroUidList:""FHNDR411UQC"" WallSkillList:0 WallSkillList:0 WallSkillList:0 > infoList:<PlanID:15 HeroUidList:""FHNDAPBBNPC"" HeroUidList:""FHNDR2ZH1WP"" HeroUidList:""FHND3DCAM8C"" HeroUidList:""FHNDXOY1S8F"" HeroUidList:""FHNDTU8WXYC"" WallSkillList:6000 WallSkillList:6010 WallSkillList:6001 > infoList:<PlanID:14 HeroUidList:""FHNDR2ZH1WP"" HeroUidList:""FHND3DCAM8C"" HeroUidList:""FHNDAPBBNPC"" HeroUidList:""FHNDVIY0EQC"" HeroUidList:""FHNDTU8WXYC"" > infoList:<PlanID:2 HeroUidList:""FHNDAPBBNPC"" HeroUidList:""FHNDR2ZH1WP"" HeroUidList:""FHND3DCAM8C"" HeroUidList:""FHNDVIY0EQC"" HeroUidList:""FHNDTU8WXYC"" heroList:<HeroUid:""FHNDVIY0EQC"" HeroID:82 Star:7 Grade:71 Level:3514 Seat:3 Force:1876167972 Attributes:<Type:104 Value:0.018 > Attributes:<Type:127 Value:0.02 > Attributes:<Type:101 Value:0.006 > Attributes:<Type:105 Value:0.012 > Attributes:<Type:1 Value:9.306486633105298e+08 > Attributes:<Type:117 Value:0.02 > Attributes:<Type:205 Value:0.1 > Attributes:<Type:103 Value:0.006 > Attributes:<Type:204 Value:0.01 > Attributes:<Type:110 Value:0.02 > Attributes:<Type:121 Value:0.0132 > Attributes:<Type:120 Value:0.06 > Attributes:<Type:122 Value:0.01 > Attributes:<Type:0 Value:1.1818991367040502e+08 > Attributes:<Type:123 Value:0.01 > Attributes:<Type:124 Value:0.12 > Attributes:<Type:130 Value:0.036 > Attributes:<Type:203 Value:0.049 > Attributes:<Type:119 Value:0.0108 > Attributes:<Type:133 Value:0.072 > CreateTime:1741826812 AltarCellID:0 Skin:0 SubStar:0 Awake:0 > heroList:<HeroUid:""FHNDTU8WXYC"" HeroID:91 Star:",2025-04-03 01:15:31
PFCTNDJ9YFL1C,1311,"infoList:<PlanID:1 HeroUidList:""FHNDK26VB8C"" HeroUidList:""FHNDYPYHUUC"" HeroUidList:""FHND8AJFIUC"" HeroUidList:""FHNDAMH99LC"" HeroUidList:""FHNDEULP0HC"" > infoList:<PlanID:15 HeroUidList:""FHNDK26VB8C"" HeroUidList:""FHNDAG0DNPC"" HeroUidList:""FHNDEULP0HC"" HeroUidList:""FHNDAMH99LC"" HeroUidList:""FHND8AJFIUC"" WallSkillList:6010 WallSkillList:6001 WallSkillList:6000 > infoList:<PlanID:14 HeroUidList:""FHNDK26VB8C"" HeroUidList:""FHNDAG0DNPC"" HeroUidList:""FHNDAMH99LC"" HeroUidList:""FHNDEULP0HC"" HeroUidList:""FHND8AJFIUC"" > infoList:<PlanID:5 HeroUidList:""FHNDYPYHUUC"" HeroUidList:""FHNDEULP0HC"" HeroUidList:""FHNDAMH99LC"" HeroUidList:""FHNDK26VB8C"" HeroUidList:""FHND8AJFIUC"" heroList:<HeroUid:""FHNDYPYHUUC"" HeroID:29 Star:11 Grade:0 Level:1 Seat:1 Force:682143548 Attributes:<Type:119 Value:0.0108 > Attributes:<Type:122 Value:0.027999999999999997 > Attributes:<Type:130 Value:0.040999999999999995 > Attributes:<Type:123 Value:0.018 > Attributes:<Type:117 Value:0.052 > Attributes:<Type:120 Value:0.036 > Attributes:<Type:0 Value:4.46861447258562e+07 > Attributes:<Type:121 Value:0.0108 > Attributes:<Type:131 Value:0.036 > Attributes:<Type:133 Value:0.046 > Attributes:<Type:115 Value:0.036 > Attributes:<Type:128 Value:0.018 > Attributes:<Type:132 Value:0.036 > Attributes:<Type:116 Value:0.07100000000000001 > Attributes:<Type:118 Value:0 > Attributes:<Type:102 Value:0.084 > Attributes:<Type:114 Value:0.044 > Attributes:<Type:104 Value:0.053000000000000005 > Attributes:<Type:127 Value:0.024 > Attributes:<Type:14 Value:0.02 > Attributes:<Type:124 Value:0.36 > Attributes:<Type:113 Value:0.048999999999999995 > Attributes:<Type:105 Value:0.040999999999999995 > Attributes:<Type:206 Value:0.015 > Attributes:<Type:103 Value:0.0168 > Attributes:<Type:100 Value:0 > Attributes:<Type:1 Value:3.246543704495608e+08 > Attributes:<Type:110 Value:0.018 > Attributes:<Type:101 Value:0.0084 > Attributes:<Type:207 Value:0.05 > Attributes:<Type:134 Value:0.036 > CreateTime:1739156424 AltarCellID:0 Skin:0 SubStar:0 Awake:0 > heroList:<HeroUid:""FHNDEULP0HC"" HeroID:92 ",2025-04-03 01:40:32
GIJNDRDBDZDC,658,"infoList:<PlanID:1 HeroUidList:""FHNDIWV5XPC"" HeroUidList:""FHNDU3ZNPCC"" HeroUidList:""FHNDR9DNPIC"" HeroUidList:""FHND9IZNXUC"" HeroUidList:""FHNDY2Z4KLC"" > infoList:<PlanID:9 HeroUidList:"""" > infoList:<PlanID:11 HeroUidList:""FHNDSGOIEMG"" HeroUidList:""FHNDR25GNFF"" HeroUidList:""FHNDY2Z4KLC"" HeroUidList:""FHNDU3ZNPCC"" HeroUidList:""FHND5TMYVHW"" heroList:<HeroUid:""FHNDSGOIEMG"" HeroID:49 Star:13 Grade:0 Level:1 Seat:1 Force:7528221570 Attributes:<Type:133 Value:0.066 > Attributes:<Type:205 Value:0.15 > Attributes:<Type:127 Value:0.076 > Attributes:<Type:204 Value:0.05 > Attributes:<Type:103 Value:0.044399999999999995 > Attributes:<Type:203 Value:0.015 > Attributes:<Type:121 Value:0.0156 > Attributes:<Type:130 Value:0.07 > Attributes:<Type:100 Value:0 > Attributes:<Type:14 Value:0 > Attributes:<Type:116 Value:0.134 > Attributes:<Type:105 Value:0.07500000000000001 > Attributes:<Type:102 Value:0.036 > Attributes:<Type:113 Value:0.09 > Attributes:<Type:1 Value:3.804993213314848e+09 > Attributes:<Type:110 Value:0.018 > Attributes:<Type:117 Value:0.098 > Attributes:<Type:124 Value:0.52 > Attributes:<Type:131 Value:0.08199999999999999 > Attributes:<Type:128 Value:0.038 > Attributes:<Type:104 Value:0.07500000000000001 > Attributes:<Type:0 Value:4.654035446898245e+08 > Attributes:<Type:123 Value:0.03 > Attributes:<Type:115 Value:0.114 > Attributes:<Type:120 Value:0.078 > Attributes:<Type:101 Value:0.054 > Attributes:<Type:114 Value:0.066 > Attributes:<Type:132 Value:0.05 > Attributes:<Type:119 Value:0.0108 > Attributes:<Type:122 Value:0.043 > Attributes:<Type:134 Value:0.062 > Attributes:<Type:118 Value:0 > CreateTime:1730678063 AltarCellID:4 Skin:0 SubStar:0 Awake:0 > heroList:<HeroUid:""FHNDR25GNFF"" HeroID:43 Star:8 Grade:0 Level:1 Seat:2 Force:6888516685 Attributes:<Type:113 Value:0.09 > Attributes:<Type:122 Value:0.043 > Attributes:<Type:101 Value:0.054 > Attributes:<Type:124 Value:0.18 > Attributes:<Type:0 Value:4.234787291609432e+08 > Attributes:<Type:110 Value:0.018 > Attributes:<Type:205 Value:0.15 > Attributes:<Type:105 Value",2025-04-03 01:42:20
G5LNDS4QUTFC,752,"infoList:<PlanID:8 HeroUidList:""FHNDS9SRLBC"" HeroUidList:""FHNDSBKR99F"" HeroUidList:""FHNDS4QZNPC"" HeroUidList:""FHNDSYCYBNC"" HeroUidList:""FHNDSHVYWCC"" WallSkillList:6020 WallSkillList:0 WallSkillList:0 > infoList:<PlanID:13 HeroUidList:""FHNDYG5BHEC"" HeroUidList:""FHND42QE0ZC"" HeroUidList:""FHNDTP6AUVD"" HeroUidList:""FHNDI3Y1MLM"" HeroUidList:""FHNDSBKR99F"" WallSkillList:6014 WallSkillList:6021 WallSkillList:6010 > infoList:<PlanID:16 HeroUidList:""FHND3KC01EF"" HeroUidList:""FHNDYG5BHEC"" HeroUidList:""FHND42QE0ZC"" HeroUidList:""FHNDKKCV17C"" HeroUidList:""FHND9M9XAUC"" WallSkillList:6001 WallSkillList:6000 WallSkillList:0 > infoList:<PlanID:3 HeroUidList:""FHND3KC01EF"" HeroUidList:""FHND9M9XAUC"" HeroUidList:""FHNDTP6AUVD"" HeroUidList:""FHNDYG5BHEC"" HeroUidList:""FHND42QE0ZC"" heroList:<HeroUid:""FHND3KC01EF"" HeroID:34 Star:16 Grade:159 Level:7937 Seat:1 Force:22076986932 Attributes:<Type:141 Value:0.015 > Attributes:<Type:204 Value:0.025 > Attributes:<Type:117 Value:0.132 > Attributes:<Type:14 Value:0 > Attributes:<Type:133 Value:0.2 > Attributes:<Type:115 Value:0.12 > Attributes:<Type:122 Value:0.048 > Attributes:<Type:130 Value:0.132 > Attributes:<Type:114 Value:0.132 > Attributes:<Type:207 Value:0.125 > Attributes:<Type:0 Value:1.4691116383001502e+09 > Attributes:<Type:127 Value:0.092 > Attributes:<Type:134 Value:0.124 > Attributes:<Type:110 Value:0.01 > Attributes:<Type:131 Value:0.112 > Attributes:<Type:120 Value:0.054 > Attributes:<Type:1 Value:1.0324093826492857e+10 > Attributes:<Type:123 Value:0.055999999999999994 > Attributes:<Type:104 Value:0.10200000000000001 > Attributes:<Type:100 Value:0 > Attributes:<Type:121 Value:0.0956 > Attributes:<Type:124 Value:0.7 > Attributes:<Type:132 Value:0.11599999999999999 > Attributes:<Type:118 Value:0 > Attributes:<Type:202 Value:0.0405 > Attributes:<Type:203 Value:0.0405 > Attributes:<Type:128 Value:0.01 > Attributes:<Type:116 Value:0.198 > Attributes:<Type:102 Value:0.154 > Attributes:<Type:103 Value:0.14200000000000002 > Attributes:<Type:101 Value:0.0956 > Attributes:<Type:205 Value:0.1",2025-04-03 01:44:29
GL0NDJDZ8RUC,1229,"infoList:<PlanID:14 HeroUidList:""FHNDHY00LWC"" HeroUidList:""FHNDH9X8NPC"" HeroUidList:""FHNDJ5JVA0C"" HeroUidList:""FHNDJD815WC"" HeroUidList:""FHNDA27FGLC"" > isInit:false ",2025-04-03 01:47:28
PGCYNDENOBZOC,1127,"infoList:<PlanID:16 HeroUidList:""FHND6YYR2BG"" HeroUidList:""FHNDINDDCVC"" HeroUidList:""FHNDAKFT2CF0"" HeroUidList:""FHNDID4721C"" HeroUidList:""FHND62LOSK0"" WallSkillList:6010 WallSkillList:6001 WallSkillList:6000 > infoList:<PlanID:12 HeroUidList:""FHNDI2EZNPC"" HeroUidList:""FHND9MKBAWC"" HeroUidList:""FHNDJU9MT9C"" HeroUidList:""FHNDINDDCVC"" HeroUidList:""FHNDYM54L5C"" WallSkillList:6000 WallSkillList:6014 WallSkillList:6010 > infoList:<PlanID:1 HeroUidList:""FHNDI2EZNPC"" HeroUidList:""FHNDIUZ8MQG"" HeroUidList:""FHND9MKBAWC"" HeroUidList:""FHNDKMA1QNC"" HeroUidList:""FHNDYM54L5C"" > infoList:<PlanID:4 HeroUidList:""FHNDJM7ER9C"" HeroUidList:""FHNDIUZ8MQG"" HeroUidList:""FHND6YYR2BG"" HeroUidList:""FHNDID4721C"" HeroUidList:""FHNDAKFT2CF0"" heroList:<HeroUid:""FHNDJM7ER9C"" HeroID:13 Star:14 Grade:0 Level:1 Seat:1 Force:7656802277 Attributes:<Type:102 Value:0.054 > Attributes:<Type:113 Value:0.066 > Attributes:<Type:100 Value:0.15 > Attributes:<Type:119 Value:0.018 > Attributes:<Type:205 Value:0.125 > Attributes:<Type:1 Value:3.539240180464217e+09 > Attributes:<Type:207 Value:0.125 > Attributes:<Type:120 Value:0.072 > Attributes:<Type:204 Value:0.04 > Attributes:<Type:131 Value:0.07 > Attributes:<Type:124 Value:0.6 > Attributes:<Type:114 Value:0.078 > Attributes:<Type:202 Value:0.0235 > Attributes:<Type:122 Value:0.043 > Attributes:<Type:133 Value:0.081 > Attributes:<Type:116 Value:0.127 > Attributes:<Type:121 Value:0.0132 > Attributes:<Type:110 Value:0.02 > Attributes:<Type:127 Value:0.036 > Attributes:<Type:123 Value:0.014 > Attributes:<Type:134 Value:0.07 > Attributes:<Type:103 Value:0.0408 > Attributes:<Type:132 Value:0.07 > Attributes:<Type:117 Value:0.086 > Attributes:<Type:104 Value:0.043 > Attributes:<Type:118 Value:0.15 > Attributes:<Type:0 Value:5.146952595980146e+08 > Attributes:<Type:206 Value:0.02 > Attributes:<Type:130 Value:0.066 > Attributes:<Type:105 Value:0.046 > Attributes:<Type:101 Value:0.041999999999999996 > Attributes:<Type:115 Value:0.062 > Attributes:<Type:14 Value:0.02 > CreateTime:1734369206 AltarCellID:8 Skin:1301 Sub",2025-04-03 02:00:53
PFZIND83LFW2C,1127,"infoList:<PlanID:14 HeroUidList:""FHNDI2EZNPC"" HeroUidList:""FHND9MKBAWC"" HeroUidList:""FHNDBF4WMFC"" HeroUidList:""FHNDYM54L5C"" HeroUidList:""FHNDKMA1QNC"" > isInit:false ",2025-04-03 02:02:02
PFF1ND5FUJEPC,1335,"infoList:<PlanID:8 HeroUidList:""FHND5ULSR3M"" HeroUidList:""FHND50DY3FC"" HeroUidList:""FHND50D4ZPC"" HeroUidList:""FHND8MHZDQC"" HeroUidList:""FHND5MBZRPG"" WallSkillList:6022 WallSkillList:0 WallSkillList:6014 > infoList:<PlanID:16 HeroUidList:""FHND518OIQF"" HeroUidList:""FHND5DKVKNF"" HeroUidList:""FHND8M5ONPC"" HeroUidList:""FHNDA1ULSEC"" HeroUidList:""FHND5NZFT8C"" WallSkillList:6020 WallSkillList:6023 WallSkillList:6021 > infoList:<PlanID:7 HeroUidList:""FHND5NZFT8C"" HeroUidList:""FHNDHCQC74C"" HeroUidList:""FHND5DKVKNF"" HeroUidList:""FHND518OIQF"" HeroUidList:""FHND50DY3FC"" WallSkillList:6022 WallSkillList:6010 WallSkillList:6014 > infoList:<PlanID:11 HeroUidList:""FHNDEG1GVTC"" HeroUidList:""FHND50D4ZPC"" HeroUidList:""FHNDKSONEWF"" HeroUidList:""FHND5MBZRPG"" HeroUidList:""FHND8MHZDQC"" heroList:<HeroUid:""FHNDEG1GVTC"" HeroID:92 Star:12 Grade:155 Level:7700 Seat:1 Force:18057829608 Attributes:<Type:135 Value:0.05 > Attributes:<Type:14 Value:0.03 > Attributes:<Type:1 Value:7.626506090849184e+09 > Attributes:<Type:103 Value:0.21000000000000002 > Attributes:<Type:116 Value:0.32000000000000006 > Attributes:<Type:123 Value:0.11900000000000001 > Attributes:<Type:120 Value:0.126 > Attributes:<Type:132 Value:0.226 > Attributes:<Type:114 Value:0.30000000000000004 > Attributes:<Type:130 Value:0.23199999999999998 > Attributes:<Type:205 Value:0.125 > Attributes:<Type:134 Value:0.229 > Attributes:<Type:113 Value:0.258 > Attributes:<Type:133 Value:0.28 > Attributes:<Type:207 Value:0.2 > Attributes:<Type:115 Value:0.28400000000000003 > Attributes:<Type:203 Value:0.0405 > Attributes:<Type:128 Value:0.018 > Attributes:<Type:131 Value:0.258 > Attributes:<Type:100 Value:0.15 > Attributes:<Type:145 Value:0.05 > Attributes:<Type:124 Value:0.44 > Attributes:<Type:117 Value:0.253 > Attributes:<Type:105 Value:0.16000000000000003 > Attributes:<Type:204 Value:0.03 > Attributes:<Type:110 Value:0.032 > Attributes:<Type:122 Value:0.147 > Attributes:<Type:0 Value:1.3039154359654794e+09 > Attributes:<Type:101 Value:0.15760000000000002 > Attributes:<Type:119 Value:0.1802",2025-04-03 02:05:30
GOWNDJHEAESC,1263,"infoList:<PlanID:14 HeroUidList:""FHNDJKGPZ7C"" HeroUidList:""FHNDHR24NPC"" HeroUidList:""FHNDJHLC1SC"" HeroUidList:""FHNDJ9V2ENF"" HeroUidList:""FHNDJ9JCQJF"" > isInit:false ",2025-04-03 02:07:18
GLYNDJTVAWSC,1250,"infoList:<PlanID:7 HeroUidList:""FHND9NKSQFC"" HeroUidList:""FHND6KQ39SC"" HeroUidList:""FHNDJ98XUYF"" HeroUidList:""FHND502KSUC"" HeroUidList:""FHNDZ9HZ8NC"" WallSkillList:6020 WallSkillList:6010 WallSkillList:6012 > infoList:<PlanID:10 HeroUidList:""FHNDH29Z83F"" HeroUidList:""FHND5S2UXPC"" HeroUidList:""FHND5EV4XPC"" HeroUidList:""FHNDARQ7LOFG"" HeroUidList:""FHND5T5WGCD"" WallSkillList:0 WallSkillList:0 WallSkillList:0 > infoList:<PlanID:11 HeroUidList:""FHNDHR5IFDC"" HeroUidList:""FHNDJUR6P3F"" HeroUidList:""FHND5NPCMSR"" HeroUidList:""FHND5YGLDZC"" HeroUidList:""FHNDH29Z83F"" heroList:<HeroUid:""FHNDHR5IFDC"" HeroID:33 Star:11 Grade:0 Level:1 Seat:1 Force:2688892591 Attributes:<Type:130 Value:0.02 > Attributes:<Type:120 Value:0.03 > Attributes:<Type:105 Value:0.02 > Attributes:<Type:118 Value:0 > Attributes:<Type:116 Value:0.095 > Attributes:<Type:1 Value:1.330504127419982e+09 > Attributes:<Type:115 Value:0.05 > Attributes:<Type:123 Value:0.027999999999999997 > Attributes:<Type:203 Value:0.032 > Attributes:<Type:121 Value:0.006 > Attributes:<Type:100 Value:0 > Attributes:<Type:0 Value:1.6979855423818582e+08 > Attributes:<Type:206 Value:0.025 > Attributes:<Type:110 Value:0.01 > Attributes:<Type:131 Value:0.02 > Attributes:<Type:132 Value:0.02 > Attributes:<Type:103 Value:0.036 > Attributes:<Type:124 Value:0.36 > Attributes:<Type:122 Value:0.03 > Attributes:<Type:134 Value:0.035 > Attributes:<Type:133 Value:0.045 > Attributes:<Type:117 Value:0.05 > Attributes:<Type:14 Value:0.03 > Attributes:<Type:127 Value:0.02 > Attributes:<Type:204 Value:0.02 > Attributes:<Type:102 Value:0.036 > Attributes:<Type:114 Value:0.05 > Attributes:<Type:207 Value:0.175 > Attributes:<Type:101 Value:0.0072 > Attributes:<Type:113 Value:0.05 > Attributes:<Type:104 Value:0.043 > Attributes:<Type:119 Value:0.006 > CreateTime:1735676309 AltarCellID:6 Skin:0 SubStar:0 Awake:0 > heroList:<HeroUid:""FHNDJUR6P3F"" HeroID:3 Star:10 Grade:0 Level:1 Seat:2 Force:2348907331 Attributes:<Type:117 Value:0.05 > Attributes:<Type:110 Value:0.01 > Attributes:<Type:130 Value:0.02 > Attr",2025-04-03 02:15:08
PF87ND8O21V2C,864,"infoList:<PlanID:14 HeroUidList:""FHNDUU8QW5F"" HeroUidList:""FHNDAFL1HBC"" HeroUidList:""FHND827SQTC"" HeroUidList:""FHNDJ16ENPC"" HeroUidList:""FHNDEY22OHC"" > isInit:false ",2025-04-03 02:45:52
GAPNDTMOOMXC,864,"infoList:<PlanID:14 HeroUidList:""FHNDUU8QW5F"" HeroUidList:""FHNDAFL1HBC"" HeroUidList:""FHND827SQTC"" HeroUidList:""FHNDJ16ENPC"" HeroUidList:""FHNDT2YE8IC"" > isInit:false ",2025-04-03 02:46:12
PFKQNDY3YSKUC,864,"infoList:<PlanID:17 HeroUidList:""FHNDTNXXQNC"" HeroUidList:""FHNDT2YE8IC"" HeroUidList:""FHNDUFKUMFC"" HeroUidList:""FHNDTNFGABF"" HeroUidList:""FHNDTUYGLPC"" WallSkillList:6000 WallSkillList:0 WallSkillList:0 > infoList:<PlanID:14 HeroUidList:""FHNDUU8QW5F"" HeroUidList:""FHNDAFL1HBC"" HeroUidList:""FHND827SQTC"" HeroUidList:""FHNDJ16ENPC"" HeroUidList:""FHNDT2YE8IC"" > infoList:<PlanID:4 HeroUidList:""FHNDTYNVB4C"" HeroUidList:""FHNDUYJ7F1C"" HeroUidList:""FHND4FRZG4C"" HeroUidList:""FHND827SQTC"" HeroUidList:""FHNDJ16ENPC"" heroList:<HeroUid:""FHNDTYNVB4C"" HeroID:44 Star:13 Grade:0 Level:1 Seat:1 Force:10007250190 Attributes:<Type:121 Value:0.0622 > Attributes:<Type:123 Value:0.113 > Attributes:<Type:132 Value:0.166 > Attributes:<Type:104 Value:0.21500000000000002 > Attributes:<Type:103 Value:0.1634 > Attributes:<Type:105 Value:0.127 > Attributes:<Type:204 Value:0.06 > Attributes:<Type:122 Value:0.11800000000000001 > Attributes:<Type:120 Value:0.06 > Attributes:<Type:202 Value:0.049 > Attributes:<Type:102 Value:0.182 > Attributes:<Type:128 Value:0.03 > Attributes:<Type:100 Value:0.05 > Attributes:<Type:14 Value:0.03 > Attributes:<Type:1 Value:5.104156890711247e+09 > Attributes:<Type:206 Value:0.02 > Attributes:<Type:114 Value:0.18000000000000002 > Attributes:<Type:117 Value:0.29200000000000004 > Attributes:<Type:133 Value:0.21300000000000002 > Attributes:<Type:207 Value:0.275 > Attributes:<Type:203 Value:0.049 > Attributes:<Type:118 Value:0.05 > Attributes:<Type:0 Value:6.128866586808211e+08 > Attributes:<Type:131 Value:0.174 > Attributes:<Type:205 Value:0.1 > Attributes:<Type:101 Value:0.098 > Attributes:<Type:116 Value:0.28300000000000003 > Attributes:<Type:127 Value:0.044 > Attributes:<Type:113 Value:0.23199999999999998 > Attributes:<Type:124 Value:0.52 > Attributes:<Type:119 Value:0.11460000000000001 > Attributes:<Type:110 Value:0.018 > Attributes:<Type:130 Value:0.166 > Attributes:<Type:115 Value:0.236 > Attributes:<Type:134 Value:0.184 > CreateTime:1732294393 AltarCellID:2 Skin:4402 SubStar:0 Awake:0 > heroList:<HeroUid:""FHNDUYJ7F1C""",2025-04-03 02:47:51
PFBUNDZSASQ2C,857,"infoList:<PlanID:1 HeroUidList:""FHNDIF47WZC"" HeroUidList:""FHNDH8IFBMG"" HeroUidList:""FHND8JM0UWC"" HeroUidList:""FHNDI587NPC"" HeroUidList:""FHNDJU9PONC"" > infoList:<PlanID:2 HeroUidList:""FHND8JM0UWC"" HeroUidList:""FHNDH8IFBMG"" HeroUidList:""FHNDIF47WZC"" HeroUidList:""FHNDJU9PONC"" HeroUidList:""FHNDI587NPC"" heroList:<HeroUid:""FHNDIF47WZC"" HeroID:34 Star:12 Grade:95 Level:4711 Seat:2 Force:6135563466 Attributes:<Type:131 Value:0.036 > Attributes:<Type:114 Value:0.066 > Attributes:<Type:204 Value:0.03 > Attributes:<Type:103 Value:0.0384 > Attributes:<Type:120 Value:0.054 > Attributes:<Type:202 Value:0.049 > Attributes:<Type:117 Value:0.054 > Attributes:<Type:121 Value:0.0108 > Attributes:<Type:14 Value:0.02 > Attributes:<Type:132 Value:0.036 > Attributes:<Type:207 Value:0.125 > Attributes:<Type:205 Value:0.15 > Attributes:<Type:116 Value:0.08299999999999999 > Attributes:<Type:133 Value:0.05 > Attributes:<Type:113 Value:0.066 > Attributes:<Type:101 Value:0.0108 > Attributes:<Type:134 Value:0.055999999999999994 > Attributes:<Type:203 Value:0.0575 > Attributes:<Type:206 Value:0.01 > Attributes:<Type:104 Value:0.043 > Attributes:<Type:115 Value:0.054 > Attributes:<Type:128 Value:0.014 > Attributes:<Type:105 Value:0.043 > Attributes:<Type:122 Value:0.045 > Attributes:<Type:127 Value:0.04 > Attributes:<Type:119 Value:0.0108 > Attributes:<Type:124 Value:0.44 > Attributes:<Type:102 Value:0.054 > Attributes:<Type:0 Value:4.326000985047551e+08 > Attributes:<Type:110 Value:0.012 > Attributes:<Type:1 Value:2.6747626589194384e+09 > Attributes:<Type:123 Value:0.024 > CreateTime:1733676273 AltarCellID:0 Skin:0 SubStar:0 Awake:0 > heroList:<HeroUid:""FHNDJU9PONC"" HeroID:91 Star:7 Grade:85 Level:4200 Seat:3 Force:4355447064 Attributes:<Type:105 Value:0.043 > Attributes:<Type:123 Value:0.024 > Attributes:<Type:131 Value:0.036 > Attributes:<Type:1 Value:1.969452024436378e+09 > Attributes:<Type:115 Value:0.054 > Attributes:<Type:122 Value:0.045 > Attributes:<Type:206 Value:0.01 > Attributes:<Type:113 Value:0.066 > Attributes:<Type:132 Value:0.0",2025-04-03 03:28:40
GV3NDIF0N7IC,1127,"infoList:<PlanID:16 HeroUidList:""FHND6YYR2BG"" HeroUidList:""FHNDINDDCVC"" HeroUidList:""FHNDAKFT2CF0"" HeroUidList:""FHNDID4721C"" HeroUidList:""FHND62LOSK0"" WallSkillList:6010 WallSkillList:6001 WallSkillList:6000 > infoList:<PlanID:12 HeroUidList:""FHNDI2EZNPC"" HeroUidList:""FHND9MKBAWC"" HeroUidList:""FHNDJU9MT9C"" HeroUidList:""FHNDINDDCVC"" HeroUidList:""FHNDYM54L5C"" WallSkillList:6000 WallSkillList:6014 WallSkillList:6010 > infoList:<PlanID:13 HeroUidList:""FHND6YYR2BG"" HeroUidList:""FHNDIUZ8MQG"" HeroUidList:""FHNDAKFT2CF0"" HeroUidList:""FHNDJM7ER9C"" HeroUidList:""FHNDID4721C"" WallSkillList:6020 WallSkillList:6021 WallSkillList:6023 > infoList:<PlanID:3 HeroUidList:""FHNDI2EZNPC"" HeroUidList:""FHNDYM54L5C"" HeroUidList:""FHNDBF4WMFC"" HeroUidList:""FHNDINDDCVC"" HeroUidList:""FHND5VVD2SC"" heroList:<HeroUid:""FHNDI2EZNPC"" HeroID:34 Star:16 Grade:134 Level:6650 Seat:1 Force:16573662816 Attributes:<Type:130 Value:0.066 > Attributes:<Type:120 Value:0.072 > Attributes:<Type:121 Value:0.0132 > Attributes:<Type:104 Value:0.043 > Attributes:<Type:101 Value:0.067 > Attributes:<Type:123 Value:0.014 > Attributes:<Type:131 Value:0.07 > Attributes:<Type:115 Value:0.062 > Attributes:<Type:0 Value:1.1675346191823363e+09 > Attributes:<Type:117 Value:0.086 > Attributes:<Type:105 Value:0.046 > Attributes:<Type:206 Value:0.02 > Attributes:<Type:119 Value:0.07300000000000001 > Attributes:<Type:207 Value:0.125 > Attributes:<Type:202 Value:0.0235 > Attributes:<Type:134 Value:0.07 > Attributes:<Type:132 Value:0.07 > Attributes:<Type:113 Value:0.066 > Attributes:<Type:14 Value:0.02 > Attributes:<Type:124 Value:0.7 > Attributes:<Type:103 Value:0.0658 > Attributes:<Type:205 Value:0.125 > Attributes:<Type:110 Value:0.02 > Attributes:<Type:1 Value:7.2333858428033495e+09 > Attributes:<Type:116 Value:0.127 > Attributes:<Type:133 Value:0.081 > Attributes:<Type:122 Value:0.043 > Attributes:<Type:114 Value:0.078 > Attributes:<Type:204 Value:0.04 > Attributes:<Type:102 Value:0.054 > Attributes:<Type:127 Value:0.036 > Attributes:<Type:100 Value:0.15 > Attributes:<Type:1",2025-04-03 04:05:50
F3NPOOQXSRC,1,"infoList:<PlanID:15 HeroUidList:""FHNDFD2UJQF"" HeroUidList:""FHNDFDRUR6D"" HeroUidList:""FHNDM2YE89C"" HeroUidList:""FHNDN8CCBJC"" HeroUidList:""FHNDPU7EG0C"" WallSkillList:6000 WallSkillList:6010 WallSkillList:6001 > infoList:<PlanID:18 HeroUidList:""FHNDBMNUS2C"" HeroUidList:""FHNDFDRUR6D"" HeroUidList:""FHNDV40JNPC"" HeroUidList:""FHNDN8CCBJC"" HeroUidList:""FHNDPU7EG0C"" WallSkillList:0 WallSkillList:0 WallSkillList:0 > infoList:<PlanID:11 HeroUidList:""FHNDCDUATHF"" HeroUidList:""FHNDDUVZ3ZF"" HeroUidList:""FHNDCCJEDJG"" HeroUidList:""FHNDRY4WWRC"" HeroUidList:""FHND18MKULC"" heroList:<HeroUid:""FHNDCDUATHF"" HeroID:29 Star:13 Grade:0 Level:1 Seat:1 Force:7402319472 Attributes:<Type:0 Value:4.8592461845065457e+08 > Attributes:<Type:116 Value:0.04 > Attributes:<Type:120 Value:0.048 > Attributes:<Type:130 Value:0.02 > Attributes:<Type:202 Value:0.032 > Attributes:<Type:14 Value:0 > Attributes:<Type:119 Value:0.012 > Attributes:<Type:1 Value:3.5149225249799924e+09 > Attributes:<Type:124 Value:0.52 > Attributes:<Type:105 Value:0.048 > Attributes:<Type:110 Value:0.012 > Attributes:<Type:207 Value:0.05 > Attributes:<Type:133 Value:0.036 > Attributes:<Type:134 Value:0.048 > Attributes:<Type:100 Value:0 > Attributes:<Type:206 Value:0.02 > Attributes:<Type:121 Value:0.0072 > Attributes:<Type:115 Value:0.044 > Attributes:<Type:132 Value:0.024 > Attributes:<Type:123 Value:0.01 > Attributes:<Type:127 Value:0.024 > Attributes:<Type:114 Value:0.05 > Attributes:<Type:102 Value:0.036 > Attributes:<Type:205 Value:0.15 > Attributes:<Type:117 Value:0.052 > Attributes:<Type:128 Value:0.014 > Attributes:<Type:103 Value:0.012 > Attributes:<Type:113 Value:0.052000000000000005 > Attributes:<Type:203 Value:0.015 > Attributes:<Type:131 Value:0.02 > Attributes:<Type:122 Value:0.018 > Attributes:<Type:204 Value:0.015 > Attributes:<Type:101 Value:0.012 > Attributes:<Type:118 Value:0 > Attributes:<Type:104 Value:0.036000000000000004 > CreateTime:1722842259 AltarCellID:7 Skin:0 SubStar:0 Awake:0 > heroList:<HeroUid:""FHNDDUVZ3ZF"" HeroID:36 Star:9 Grade:0 Level:1 Seat:2 ",2025-04-03 04:16:16
PFVRNDQB1WOQC,217,"infoList:<PlanID:1 HeroUidList:""FHNDNDASTFC"" HeroUidList:""FHND4DWCU6C"" HeroUidList:""FHNDNMT2UBF"" HeroUidList:""FHNDX25ISZC"" HeroUidList:""FHNDAD13KFC"" > infoList:<PlanID:8 HeroUidList:""FHNDNDASTFC"" HeroUidList:""FHNDRG9V1AC"" HeroUidList:""FHNDNPCBN0C"" HeroUidList:""FHND4DWCU6C"" HeroUidList:""FHNDX25ISZC"" WallSkillList:6020 WallSkillList:6021 WallSkillList:6030 > infoList:<PlanID:15 HeroUidList:""FHNDNMT2UBF"" HeroUidList:""FHNDNDASTFC"" HeroUidList:""FHNDX25ISZC"" HeroUidList:""FHNDAD13KFC"" HeroUidList:""FHND4DWCU6C"" WallSkillList:6030 WallSkillList:6025 WallSkillList:6023 > infoList:<PlanID:13 HeroUidList:""FHNDM8Q0LIC"" HeroUidList:""FHND13GHAQF"" HeroUidList:""FHNDNH7BA5C"" HeroUidList:""FHND1H3OZ5C"" HeroUidList:""FHNDWCYKAAC"" WallSkillList:6010 WallSkillList:6022 WallSkillList:6023 > infoList:<PlanID:18 HeroUidList:"""" WallSkillList:6014 WallSkillList:6013 WallSkillList:6011 > infoList:<PlanID:3 HeroUidList:""FHNDNDASTFC"" HeroUidList:""FHNDV006SVC"" HeroUidList:""FHND4DWCU6C"" HeroUidList:""FHNDRG9V1AC"" HeroUidList:""FHNDX25ISZC"" heroList:<HeroUid:""FHNDNDASTFC"" HeroID:34 Star:16 Grade:178 Level:8855 Seat:1 Force:89200546304 Attributes:<Type:0 Value:6.26215252252181e+09 > Attributes:<Type:119 Value:0.21000000000000002 > Attributes:<Type:202 Value:0.1 > Attributes:<Type:139 Value:0.037 > Attributes:<Type:140 Value:0.015 > Attributes:<Type:134 Value:0.392 > Attributes:<Type:120 Value:0.15 > Attributes:<Type:130 Value:0.4 > Attributes:<Type:135 Value:0.05 > Attributes:<Type:14 Value:0.03 > Attributes:<Type:104 Value:0.244 > Attributes:<Type:138 Value:0.048 > Attributes:<Type:117 Value:0.4 > Attributes:<Type:204 Value:0.06 > Attributes:<Type:113 Value:0.34 > Attributes:<Type:128 Value:0.022 > Attributes:<Type:145 Value:0.05 > Attributes:<Type:115 Value:0.344 > Attributes:<Type:105 Value:0.21500000000000002 > Attributes:<Type:116 Value:0.42500000000000004 > Attributes:<Type:118 Value:0.25 > Attributes:<Type:131 Value:0.33999999999999997 > Attributes:<Type:127 Value:0.06 > Attributes:<Type:110 Value:0.01 > Attributes:<Type:122 Value:0.2550000000",2025-04-03 06:34:51
GAFNDTMP7TMC,864,"infoList:<PlanID:14 HeroUidList:""FHND5FUQMSC"" HeroUidList:""FHND413IH0C"" HeroUidList:""FHNDIX37Y2C"" HeroUidList:""FHNDTMDPNPC"" HeroUidList:""FHNDI2OAYXC"" > isInit:false ",2025-04-03 07:31:07
G9ENDIBHH8UC,1183,"infoList:<PlanID:14 HeroUidList:""FHNDBORWNPC"" HeroUidList:""FHNDZKDPU2C"" HeroUidList:""FHNDEXN5H5C"" HeroUidList:""FHNDQ2VHCAC"" HeroUidList:""FHND5BR1A3C"" > isInit:false ",2025-04-03 07:31:39
G3INDXSQS19C,516,"infoList:<PlanID:11 HeroUidList:""FHNDVP2CAHC"" HeroUidList:""FHNDAM5ENPC"" HeroUidList:""FHNDXUWR1YC"" HeroUidList:""FHNDX3L19IG"" HeroUidList:""FHND2P8QGQC"" heroList:<HeroUid:""FHNDVP2CAHC"" HeroID:82 Star:9 Grade:0 Level:1 Seat:1 Force:18620242854 Attributes:<Type:206 Value:0.04 > Attributes:<Type:101 Value:0.20640000000000003 > Attributes:<Type:131 Value:0.30000000000000004 > Attributes:<Type:133 Value:0.36000000000000004 > Attributes:<Type:103 Value:0.16 > Attributes:<Type:117 Value:0.35600000000000004 > Attributes:<Type:202 Value:0.066 > Attributes:<Type:104 Value:0.20800000000000002 > Attributes:<Type:128 Value:0.032 > Attributes:<Type:121 Value:0.1956 > Attributes:<Type:114 Value:0.38 > Attributes:<Type:120 Value:0.15 > Attributes:<Type:207 Value:0.175 > Attributes:<Type:124 Value:0.24 > Attributes:<Type:105 Value:0.17700000000000005 > Attributes:<Type:116 Value:0.37700000000000006 > Attributes:<Type:100 Value:0.05 > Attributes:<Type:118 Value:0.15000000000000002 > Attributes:<Type:1 Value:8.509136973133111e+09 > Attributes:<Type:127 Value:0.02 > Attributes:<Type:102 Value:0.108 > Attributes:<Type:134 Value:0.36800000000000005 > Attributes:<Type:115 Value:0.372 > Attributes:<Type:130 Value:0.34400000000000003 > Attributes:<Type:110 Value:0.014 > Attributes:<Type:135 Value:0.05 > Attributes:<Type:145 Value:0.05 > Attributes:<Type:132 Value:0.376 > Attributes:<Type:14 Value:0.03 > Attributes:<Type:205 Value:0.175 > Attributes:<Type:203 Value:0.0915 > Attributes:<Type:122 Value:0.23000000000000004 > Attributes:<Type:113 Value:0.38 > Attributes:<Type:123 Value:0.235 > Attributes:<Type:0 Value:1.2638882314727843e+09 > Attributes:<Type:119 Value:0.16 > Attributes:<Type:204 Value:0.05 > CreateTime:1741567337 AltarCellID:18 Skin:0 SubStar:0 Awake:0 > heroList:<HeroUid:""FHNDAM5ENPC"" HeroID:92 Star:9 Grade:0 Level:1 Seat:2 Force:19607715618 Attributes:<Type:114 Value:0.38 > Attributes:<Type:135 Value:0.05 > Attributes:<Type:0 Value:1.3269652244138465e+09 > Attributes:<Type:1 Value:8.991993793002073e+09 > Attributes:<Type:119 ",2025-04-03 07:34:22
GK0ND3WNLBXC,797,"infoList:<PlanID:14 HeroUidList:""FHNDTM40GJC"" HeroUidList:""FHND32WQ29G"" HeroUidList:""FHND32HABRF"" HeroUidList:""FHNDZ3PJNPC"" HeroUidList:""FHNDI2YMYTC"" > isInit:false ",2025-04-03 07:35:50
GGUNDD5K6LFC,70,"infoList:<PlanID:14 HeroUidList:""FHND0TEX3ZG"" HeroUidList:""FHND0YT6REF"" HeroUidList:""FHNDD80X3WC"" HeroUidList:""FHNDDHSWAJF"" HeroUidList:""FHND11FHCAC"" WallSkillList:0 WallSkillList:0 WallSkillList:0 > infoList:<PlanID:1 HeroUidList:""FHNDA2BP7ZC"" HeroUidList:""FHND0TEX3ZG"" HeroUidList:""FHNDVSSUD2C"" HeroUidList:""FHND426ASGC"" HeroUidList:""FHND11FHCAC"" > infoList:<PlanID:7 HeroUidList:""FHNDA2BP7ZC"" HeroUidList:""FHND11FHCAC"" HeroUidList:""FHND426ASGC"" HeroUidList:""FHND0TEX3ZG"" HeroUidList:""FHND0YT6REF"" WallSkillList:6021 WallSkillList:6023 WallSkillList:6000 > infoList:<PlanID:17 HeroUidList:""FHNDMMIU2UC"" HeroUidList:""FHNDD808NPC"" HeroUidList:""FHNDM90VTYC"" HeroUidList:""FHNDD80X3WC"" HeroUidList:""FHNDDAGQ0CC"" WallSkillList:0 WallSkillList:0 WallSkillList:0 > infoList:<PlanID:13 HeroUidList:""FHND0YT6REF"" HeroUidList:""FHNDDHSWAJF"" HeroUidList:""FHNDMMIU2UC"" HeroUidList:""FHNDD808NPC"" HeroUidList:""FHND11FHCAC"" WallSkillList:6023 WallSkillList:0 WallSkillList:6001 > infoList:<PlanID:18 HeroUidList:"""" WallSkillList:0 WallSkillList:0 WallSkillList:0 > infoList:<PlanID:5 HeroUidList:""FHNDVSSUD2C"" HeroUidList:""FHND11FHCAC"" HeroUidList:""FHND426ASGC"" HeroUidList:""FHND0TEX3ZG"" HeroUidList:""FHNDA2BP7ZC"" heroList:<HeroUid:""FHNDVSSUD2C"" HeroID:82 Star:8 Grade:143 Level:7139 Seat:1 Force:11054729878 Attributes:<Type:117 Value:0.266 > Attributes:<Type:132 Value:0.276 > Attributes:<Type:203 Value:0.0235 > Attributes:<Type:124 Value:0.18 > Attributes:<Type:1 Value:5.598845019338302e+09 > Attributes:<Type:130 Value:0.306 > Attributes:<Type:131 Value:0.286 > Attributes:<Type:118 Value:0 > Attributes:<Type:14 Value:0.02 > Attributes:<Type:0 Value:6.81985604865666e+08 > Attributes:<Type:104 Value:0.193 > Attributes:<Type:206 Value:0.01 > Attributes:<Type:100 Value:0 > Attributes:<Type:114 Value:0.278 > Attributes:<Type:134 Value:0.257 > Attributes:<Type:103 Value:0.1456 > Attributes:<Type:202 Value:0.032 > Attributes:<Type:121 Value:0.0956 > Attributes:<Type:116 Value:0.28 > Attributes:<Type:133 Value:0.27 > Attributes:<Type:123 Value:0.118 > Att",2025-04-03 07:37:03
PFFXND5GI9PUC,1342,"infoList:<PlanID:7 HeroUidList:""FHNDHFBK2MC"" HeroUidList:""FHNDBNAX08C"" HeroUidList:""FHND827L84C"" HeroUidList:""FHNDAG696ZC"" HeroUidList:""FHNDH94PWWC"" WallSkillList:6010 WallSkillList:6014 WallSkillList:6020 > infoList:<PlanID:11 HeroUidList:""FHND5MQO2KC"" HeroUidList:""FHND5UVR8RC"" HeroUidList:""FHND5NPCFSC"" HeroUidList:""FHND5NQVSSC"" HeroUidList:""FHND526QTMC"" heroList:<HeroUid:""FHND5MQO2KC"" HeroID:14 Star:7 Grade:0 Level:1 Seat:1 Force:549398058 Attributes:<Type:0 Value:3.658286804796142e+07 > Attributes:<Type:1 Value:2.5673511433130178e+08 > Attributes:<Type:115 Value:0.054 > Attributes:<Type:134 Value:0.03 > Attributes:<Type:101 Value:0.03 > Attributes:<Type:131 Value:0.02 > Attributes:<Type:103 Value:0.036 > Attributes:<Type:207 Value:0.05 > Attributes:<Type:105 Value:0.015 > Attributes:<Type:104 Value:0.035 > Attributes:<Type:133 Value:0.05 > Attributes:<Type:202 Value:0.015 > Attributes:<Type:117 Value:0.054 > Attributes:<Type:123 Value:0.01 > Attributes:<Type:205 Value:0.05 > Attributes:<Type:110 Value:0.01 > Attributes:<Type:113 Value:0.05 > Attributes:<Type:121 Value:0.006 > Attributes:<Type:114 Value:0.05 > Attributes:<Type:132 Value:0.02 > Attributes:<Type:124 Value:0.12 > Attributes:<Type:102 Value:0.03 > Attributes:<Type:122 Value:0.025 > Attributes:<Type:130 Value:0.03 > Attributes:<Type:118 Value:0 > Attributes:<Type:203 Value:0.032 > Attributes:<Type:120 Value:0.03 > Attributes:<Type:14 Value:0 > Attributes:<Type:116 Value:0.07 > Attributes:<Type:204 Value:0.01 > Attributes:<Type:100 Value:0 > CreateTime:1734975760 AltarCellID:7 Skin:0 SubStar:0 Awake:0 > heroList:<HeroUid:""FHND5UVR8RC"" HeroID:13 Star:7 Grade:0 Level:1 Seat:2 Force:538815767 Attributes:<Type:101 Value:0.03 > Attributes:<Type:117 Value:0.054 > Attributes:<Type:204 Value:0.01 > Attributes:<Type:203 Value:0.032 > Attributes:<Type:103 Value:0.036 > Attributes:<Type:134 Value:0.03 > Attributes:<Type:1 Value:2.5165349069238514e+08 > Attributes:<Type:131 Value:0.02 > Attributes:<Type:102 Value:0.03 > Attributes:<Type:115 Value:0.054 > Attribu",2025-04-03 07:37:34
GYJNDUYPZEFC,990,"infoList:<PlanID:14 HeroUidList:""FHND4FSU34C"" HeroUidList:""FHNDUYJT2AG"" HeroUidList:""FHND4MNUCIC"" HeroUidList:""FHND4862PFC"" HeroUidList:""FHND4RFYCTF"" WallSkillList:0 WallSkillList:0 WallSkillList:0 > infoList:<PlanID:1 HeroUidList:""FHND5SNME8C"" HeroUidList:""FHNDYGMPVQC"" HeroUidList:""FHND72ZKNPC"" HeroUidList:""FHNDHUZZ6RC"" HeroUidList:""FHNDIKFODPC"" > infoList:<PlanID:5 HeroUidList:""FHND72ZKNPC"" HeroUidList:""FHNDHUZZ6RC"" HeroUidList:""FHNDIKFODPC"" HeroUidList:""FHND5SNME8C"" HeroUidList:""FHNDYGMPVQC"" heroList:<HeroUid:""FHND72ZKNPC"" HeroID:36 Star:7 Grade:61 Level:3000 Seat:1 Force:1680888488 Attributes:<Type:115 Value:0.22 > Attributes:<Type:119 Value:0.08600000000000001 > Attributes:<Type:132 Value:0.15 > Attributes:<Type:1 Value:8.323480176765914e+08 > Attributes:<Type:113 Value:0.23600000000000002 > Attributes:<Type:123 Value:0.1 > Attributes:<Type:118 Value:0 > Attributes:<Type:124 Value:0.12 > Attributes:<Type:131 Value:0.178 > Attributes:<Type:130 Value:0.15 > Attributes:<Type:102 Value:0.06 > Attributes:<Type:122 Value:0.11699999999999999 > Attributes:<Type:128 Value:0.022 > Attributes:<Type:105 Value:0.11699999999999999 > Attributes:<Type:14 Value:0 > Attributes:<Type:120 Value:0.042 > Attributes:<Type:100 Value:0 > Attributes:<Type:0 Value:1.0606755889970413e+08 > Attributes:<Type:117 Value:0.244 > Attributes:<Type:104 Value:0.197 > Attributes:<Type:103 Value:0.1456 > Attributes:<Type:134 Value:0.15 > Attributes:<Type:121 Value:0.0372 > Attributes:<Type:114 Value:0.24000000000000002 > Attributes:<Type:133 Value:0.198 > Attributes:<Type:101 Value:0.1004 > Attributes:<Type:127 Value:0.024 > Attributes:<Type:116 Value:0.271 > CreateTime:1738686608 AltarCellID:0 Skin:0 SubStar:0 Awake:0 > heroList:<HeroUid:""FHNDHUZZ6RC"" HeroID:91 Star:5 Grade:61 Level:3000 Seat:2 Force:1723178160 Attributes:<Type:0 Value:1.0883089312683454e+08 > Attributes:<Type:113 Value:0.23600000000000002 > Attributes:<Type:127 Value:0.024 > Attributes:<Type:101 Value:0.1004 > Attributes:<Type:124 Value:0 > Attributes:<Type:130 Value:0.15 > Att",2025-04-03 07:37:55
G2DNDWF7KIOC,389,"infoList:<PlanID:12 HeroUidList:""FHNDXVYUEHC"" HeroUidList:""FHNDWTNM6SC"" HeroUidList:""FHND2NB1MAC"" HeroUidList:""FHND9MK258C"" HeroUidList:""FHNDWAVQLDP"" WallSkillList:6001 WallSkillList:6000 WallSkillList:6010 > infoList:<PlanID:13 HeroUidList:""FHNDT6XLZZF"" HeroUidList:""FHNDWGOZ0CC"" HeroUidList:""FHNDRG46KTF"" HeroUidList:""FHNDSCSMP0C"" WallSkillList:0 WallSkillList:0 WallSkillList:0 > infoList:<PlanID:15 HeroUidList:""FHND9MK258C"" HeroUidList:""FHNDXVYUEHC"" HeroUidList:""FHND2NB1MAC"" HeroUidList:""FHNDWAVQLDP"" HeroUidList:""FHNDWTNM6SC"" WallSkillList:6010 WallSkillList:6001 WallSkillList:6000 > infoList:<PlanID:1 HeroUidList:""FHNDXVYUEHC"" HeroUidList:""FHNDWTNM6SC"" HeroUidList:""FHNDWAVQLDP"" HeroUidList:""FHND2NB1MAC"" HeroUidList:""FHND9MK258C"" > infoList:<PlanID:7 HeroUidList:""FHND9MK258C"" HeroUidList:""FHNDXVYUEHC"" HeroUidList:""FHND2NB1MAC"" HeroUidList:""FHNDWTNM6SC"" HeroUidList:""FHNDWAVQLDP"" WallSkillList:6010 WallSkillList:6001 WallSkillList:6000 > infoList:<PlanID:8 HeroUidList:""FHNDWGOZ0CC"" HeroUidList:""FHNDXVYUEHC"" HeroUidList:""FHND2NB1MAC"" HeroUidList:""FHND2XI17DC"" HeroUidList:""FHNDWAVQLDP"" WallSkillList:0 WallSkillList:0 WallSkillList:0 > infoList:<PlanID:16 HeroUidList:""FHNDWGOZ0CC"" HeroUidList:""FHNDVTBONPC"" HeroUidList:""FHND2EA4Q1F"" HeroUidList:""FHND2XI17DC"" HeroUidList:""FHNDRG46KTF"" WallSkillList:0 WallSkillList:0 WallSkillList:0 > infoList:<PlanID:18 HeroUidList:"""" > infoList:<PlanID:22 HeroUidList:""FHNDXVYUEHC"" HeroUidList:""FHND2NB1MAC"" HeroUidList:""FHNDWGOZ0CC"" HeroUidList:""FHNDRG46KTF"" HeroUidList:""FHND9S58J7C"" WallSkillList:6001 WallSkillList:6010 WallSkillList:6000 > infoList:<PlanID:5 HeroUidList:""FHNDWGOZ0CC"" HeroUidList:""FHNDXVYUEHC"" HeroUidList:""FHND2NB1MAC"" HeroUidList:""FHND2XI17DC"" HeroUidList:""FHNDWAVQLDP"" heroList:<HeroUid:""FHNDWGOZ0CC"" HeroID:32 Star:7 Grade:0 Level:1 Seat:1 Force:126045349 Attributes:<Type:124 Value:0.12 > Attributes:<Type:115 Value:0.01 > Attributes:<Type:1 Value:5.848782898099856e+07 > Attributes:<Type:104 Value:0.02 > Attributes:<Type:132 Value:0.02 > Attributes:<Type:122 Value:0.0",2025-04-03 07:39:29
GK3ND33GH4MC,805,"infoList:<PlanID:14 HeroUidList:""FHNDB7QQZVFC"" HeroUidList:""FHNDAFNFIED"" HeroUidList:""FHNDQ3F2ZNF"" HeroUidList:""FHNDVSRXNPC"" HeroUidList:""FHND8UV1SIC"" WallSkillList:0 WallSkillList:0 WallSkillList:0 > infoList:<PlanID:20 HeroUidList:""FHND5U1R0KW"" HeroUidList:""FHND33JD61C"" HeroUidList:""FHNDJKG048C"" HeroUidList:""FHNDI2LK1DC"" HeroUidList:""FHNDQ3F2ZNF"" WallSkillList:0 WallSkillList:0 WallSkillList:0 > infoList:<PlanID:7 HeroUidList:""FHNDUFR8DZC"" HeroUidList:""FHNDZ1PXCNC"" HeroUidList:""FHNDIUY7S5C"" HeroUidList:""FHNDTM4H7HC"" HeroUidList:""FHND62AZ1OC"" WallSkillList:6010 WallSkillList:6001 WallSkillList:6000 > infoList:<PlanID:13 HeroUidList:""FHNDUFR8DZC"" HeroUidList:""FHND5SYZ2QC"" HeroUidList:""FHND5U1R0KW"" HeroUidList:""FHNDJKG048C"" HeroUidList:""FHND5372RBC"" WallSkillList:6021 WallSkillList:0 WallSkillList:0 > infoList:<PlanID:17 HeroUidList:""FHND33JD61C"" HeroUidList:""FHNDI2LK1DC"" HeroUidList:""FHNDJS9ELFY"" HeroUidList:""FHNDZM1VJ82"" HeroUidList:""FHNDAYT91LG"" WallSkillList:6021 WallSkillList:0 WallSkillList:0 > infoList:<PlanID:18 HeroUidList:"""" WallSkillList:0 WallSkillList:0 WallSkillList:0 > infoList:<PlanID:3 HeroUidList:""FHND33JD61C"" HeroUidList:""FHNDIUY7S5C"" HeroUidList:""FHNDTM4H7HC"" HeroUidList:""FHNDUFR8DZC"" HeroUidList:""FHNDZ1PXCNC"" heroList:<HeroUid:""FHND33JD61C"" HeroID:16 Star:12 Grade:0 Level:1 Seat:1 Force:6214554551 Attributes:<Type:121 Value:0.0408 > Attributes:<Type:104 Value:0.193 > Attributes:<Type:116 Value:0.254 > Attributes:<Type:204 Value:0.04 > Attributes:<Type:206 Value:0.015 > Attributes:<Type:119 Value:0.0908 > Attributes:<Type:133 Value:0.187 > Attributes:<Type:123 Value:0.10300000000000001 > Attributes:<Type:120 Value:0.054 > Attributes:<Type:101 Value:0.0908 > Attributes:<Type:110 Value:0.028 > Attributes:<Type:203 Value:0.032 > Attributes:<Type:115 Value:0.224 > Attributes:<Type:1 Value:3.1080213290706453e+09 > Attributes:<Type:207 Value:0.15 > Attributes:<Type:122 Value:0.108 > Attributes:<Type:202 Value:0.049 > Attributes:<Type:134 Value:0.171 > Attributes:<Type:118 Value:0.1 > Attributes:<Type",2025-04-03 07:39:44
G69NDTPQSLCC,857,"infoList:<PlanID:14 HeroUidList:""FHNDIF47WZC"" HeroUidList:""FHNDI587NPC"" HeroUidList:""FHNDH8IFBMG"" HeroUidList:""FHND8JM0UWC"" HeroUidList:""FHNDJU9PONC"" > isInit:false ",2025-04-03 07:42:57
GTFNDXHQ4VAC,529,"infoList:<PlanID:14 HeroUidList:""FHNDXHEFNPC"" HeroUidList:""FHND21BK89F"" HeroUidList:""FHNDXAW2Z5F"" HeroUidList:""FHND2B9D8MF"" HeroUidList:""FHND2F21HOC"" > isInit:false ",2025-04-03 07:43:11
PF41NDBP2QIGC,1207,"infoList:<PlanID:14 HeroUidList:""FHND51WWNPC"" HeroUidList:""FHNDJ0GQ3VC"" HeroUidList:""FHNDIORSM1F"" HeroUidList:""FHNDIOCK03C"" HeroUidList:""FHND6RZGOPC"" > isInit:false ",2025-04-03 10:04:52
PFEINDV7XWG2C,490,"infoList:<PlanID:14 HeroUidList:""FHND227OLPC"" HeroUidList:""FHNDS1YVOAC"" HeroUidList:""FHNDX90K1ZC"" HeroUidList:""FHNDT1CENPC"" HeroUidList:""FHNDXHVJ43C"" > isInit:false ",2025-04-03 10:06:25
GASNDT20LNHC,875,"infoList:<PlanID:4 HeroUidList:""FHNDT2MUNPC"" HeroUidList:""FHND60UQJXI"" HeroUidList:""FHNDT2YLDMC"" HeroUidList:""FHNDT2N9B3C"" HeroUidList:""FHNDI5RZ3KF"" heroList:<HeroUid:""FHNDT2MUNPC"" HeroID:5 Star:14 Grade:0 Level:1 Seat:1 Force:4465467725 Attributes:<Type:114 Value:0.228 > Attributes:<Type:123 Value:0.12 > Attributes:<Type:128 Value:0.014 > Attributes:<Type:100 Value:0.05 > Attributes:<Type:124 Value:0.6 > Attributes:<Type:130 Value:0.174 > Attributes:<Type:131 Value:0.17 > Attributes:<Type:127 Value:0.06 > Attributes:<Type:117 Value:0.238 > Attributes:<Type:132 Value:0.194 > Attributes:<Type:113 Value:0.232 > Attributes:<Type:118 Value:0.05 > Attributes:<Type:1 Value:2.229461818933474e+09 > Attributes:<Type:104 Value:0.135 > Attributes:<Type:14 Value:0 > Attributes:<Type:105 Value:0.127 > Attributes:<Type:121 Value:0.036 > Attributes:<Type:119 Value:0.1016 > Attributes:<Type:120 Value:0.09 > Attributes:<Type:206 Value:0.015 > Attributes:<Type:122 Value:0.114 > Attributes:<Type:134 Value:0.186 > Attributes:<Type:207 Value:0.1 > Attributes:<Type:0 Value:2.795007383446907e+08 > Attributes:<Type:116 Value:0.24800000000000003 > Attributes:<Type:101 Value:0.039599999999999996 > Attributes:<Type:102 Value:0.09 > Attributes:<Type:133 Value:0.135 > Attributes:<Type:115 Value:0.24000000000000002 > Attributes:<Type:103 Value:0.14200000000000002 > Attributes:<Type:202 Value:0.015 > CreateTime:1732024986 AltarCellID:2 Skin:501 SubStar:2 Awake:0 > heroList:<HeroUid:""FHND60UQJXI"" HeroID:13 Star:14 Grade:0 Level:1 Seat:2 Force:4567158140 Attributes:<Type:102 Value:0.09 > Attributes:<Type:103 Value:0.14200000000000002 > Attributes:<Type:131 Value:0.17 > Attributes:<Type:123 Value:0.12 > Attributes:<Type:101 Value:0.039599999999999996 > Attributes:<Type:124 Value:0.6 > Attributes:<Type:0 Value:2.843648123908137e+08 > Attributes:<Type:122 Value:0.114 > Attributes:<Type:133 Value:0.135 > Attributes:<Type:202 Value:0.015 > Attributes:<Type:105 Value:0.127 > Attributes:<Type:128 Value:0.014 > Attributes:<Type:100 Value:0.05 > Attribut",2025-04-03 10:07:01
GL2NDJ15CELC,1235,"infoList:<PlanID:8 HeroUidList:""FHNDJIV5KIC"" HeroUidList:""FHNDJ6OK0BC"" HeroUidList:""FHNDJASSGHF"" HeroUidList:""FHND5Z75R7C"" HeroUidList:""FHNDJA1ESNC"" WallSkillList:6000 WallSkillList:6001 WallSkillList:6010 > infoList:<PlanID:11 HeroUidList:""FHNDJ6OK0BC"" HeroUidList:""FHNDJIV5KIC"" HeroUidList:""FHNDJWL8NPC"" HeroUidList:""FHNDY10D9D1"" HeroUidList:""FHNDBFI6F1C"" heroList:<HeroUid:""FHNDJ6OK0BC"" HeroID:23 Star:11 Grade:0 Level:1 Seat:1 Force:1403226976 Attributes:<Type:105 Value:0.025 > Attributes:<Type:131 Value:0.02 > Attributes:<Type:14 Value:0 > Attributes:<Type:121 Value:0.006 > Attributes:<Type:113 Value:0.02 > Attributes:<Type:119 Value:0.006 > Attributes:<Type:0 Value:9.523469810881321e+07 > Attributes:<Type:118 Value:0.05 > Attributes:<Type:134 Value:0.02 > Attributes:<Type:133 Value:0.035 > Attributes:<Type:124 Value:0.36 > Attributes:<Type:104 Value:0.035 > Attributes:<Type:207 Value:0.1 > Attributes:<Type:101 Value:0.006 > Attributes:<Type:120 Value:0.03 > Attributes:<Type:102 Value:0.03 > Attributes:<Type:122 Value:0.03 > Attributes:<Type:205 Value:0.1 > Attributes:<Type:114 Value:0.02 > Attributes:<Type:116 Value:0.045 > Attributes:<Type:100 Value:0.05 > Attributes:<Type:206 Value:0.01 > Attributes:<Type:103 Value:0.006 > Attributes:<Type:132 Value:0.02 > Attributes:<Type:123 Value:0.015 > Attributes:<Type:203 Value:0.015 > Attributes:<Type:127 Value:0.02 > Attributes:<Type:115 Value:0.02 > Attributes:<Type:117 Value:0.025 > Attributes:<Type:1 Value:6.413493917378689e+08 > Attributes:<Type:204 Value:0.02 > Attributes:<Type:128 Value:0.01 > CreateTime:1734658795 AltarCellID:7 Skin:0 SubStar:0 Awake:0 > heroList:<HeroUid:""FHNDJIV5KIC"" HeroID:24 Star:9 Grade:0 Level:1 Seat:2 Force:1353220002 Attributes:<Type:131 Value:0.02 > Attributes:<Type:127 Value:0.02 > Attributes:<Type:100 Value:0.05 > Attributes:<Type:203 Value:0.015 > Attributes:<Type:102 Value:0.03 > Attributes:<Type:105 Value:0.025 > Attributes:<Type:119 Value:0.006 > Attributes:<Type:118 Value:0.05 > Attributes:<Type:122 Value:0.03 > Attributes:<Type",2025-04-03 10:08:17
GS8NDXP3Z7LC,490,"infoList:<PlanID:14 HeroUidList:""FHND227OLPC"" HeroUidList:""FHNDS1YVOAC"" HeroUidList:""FHNDX90K1ZC"" HeroUidList:""FHNDT1CENPC"" HeroUidList:""FHNDXHVJ43C"" > isInit:false ",2025-04-03 10:09:05
GJPNDRTCCAXC,682,"infoList:<PlanID:5 HeroUidList:""FHND9M6IKSC"" HeroUidList:""FHNDY1TLNPC"" HeroUidList:""FHNDHDRZ5QC"" HeroUidList:""FHNDRO5G70W"" HeroUidList:""FHNDII7O2PC"" heroList:<HeroUid:""FHND9M6IKSC"" HeroID:82 Star:9 Grade:132 Level:6560 Seat:1 Force:9883763894 Attributes:<Type:110 Value:0.014 > Attributes:<Type:120 Value:0.15 > Attributes:<Type:103 Value:0.1408 > Attributes:<Type:202 Value:0.0235 > Attributes:<Type:114 Value:0.228 > Attributes:<Type:101 Value:0.11 > Attributes:<Type:121 Value:0.0588 > Attributes:<Type:204 Value:0.01 > Attributes:<Type:104 Value:0.21100000000000002 > Attributes:<Type:134 Value:0.251 > Attributes:<Type:130 Value:0.23600000000000002 > Attributes:<Type:132 Value:0.24000000000000002 > Attributes:<Type:133 Value:0.29300000000000004 > Attributes:<Type:116 Value:0.32000000000000006 > Attributes:<Type:117 Value:0.28800000000000003 > Attributes:<Type:115 Value:0.21200000000000002 > Attributes:<Type:118 Value:0.1 > Attributes:<Type:14 Value:0.02 > Attributes:<Type:1 Value:4.83342815956074e+09 > Attributes:<Type:131 Value:0.256 > Attributes:<Type:124 Value:0.24 > Attributes:<Type:128 Value:0.012 > Attributes:<Type:122 Value:0.14500000000000002 > Attributes:<Type:123 Value:0.129 > Attributes:<Type:113 Value:0.23 > Attributes:<Type:105 Value:0.139 > Attributes:<Type:119 Value:0.1408 > Attributes:<Type:0 Value:6.312919643977197e+08 > Attributes:<Type:127 Value:0.1 > Attributes:<Type:203 Value:0.066 > Attributes:<Type:102 Value:0.15 > Attributes:<Type:205 Value:0.3 > Attributes:<Type:100 Value:0.1 > CreateTime:1742228218 AltarCellID:0 Skin:0 SubStar:0 Awake:0 > heroList:<HeroUid:""FHNDY1TLNPC"" HeroID:92 Star:9 Grade:129 Level:6430 Seat:2 Force:10603291223 Attributes:<Type:114 Value:0.228 > Attributes:<Type:204 Value:0.01 > Attributes:<Type:133 Value:0.29300000000000004 > Attributes:<Type:130 Value:0.23600000000000002 > Attributes:<Type:102 Value:0.2 > Attributes:<Type:122 Value:0.14500000000000002 > Attributes:<Type:117 Value:0.28800000000000003 > Attributes:<Type:128 Value:0.012 > Attributes:<Type:203 Value:0.066",2025-04-03 10:09:18
GH2NDSBY33FC,763,"infoList:<PlanID:14 HeroUidList:""FHNDHWML4SC"" HeroUidList:""FHNDLIVK0MFJ"" HeroUidList:""FHNDTIWQUGC"" HeroUidList:""FHND32SUR8M"" HeroUidList:""FHNDQXBCNPC"" WallSkillList:0 WallSkillList:0 WallSkillList:0 > isInit:false ",2025-04-03 10:09:47
GPXND025LIUC,105,"infoList:<PlanID:14 HeroUidList:""FHNDTRKZNPC"" HeroUidList:""FHND4S7XBRFT"" HeroUidList:""FHND12HJ4NC"" HeroUidList:""FHND4SB9NUI"" HeroUidList:""FHND0SJSWRC"" WallSkillList:0 WallSkillList:0 WallSkillList:0 > isInit:false ",2025-04-03 10:10:12
GYUNDU7UAT5C,982,"infoList:<PlanID:16 HeroUidList:""FHNDULV4R4F"" HeroUidList:""FHNDHI55O0M"" HeroUidList:""FHND46FBCEC"" HeroUidList:""FHNDH8M418C"" HeroUidList:""FHNDHP8ERMC"" WallSkillList:6014 WallSkillList:6020 WallSkillList:0 > infoList:<PlanID:14 HeroUidList:""FHND46FBCEC"" HeroUidList:""FHND4PSZNPC"" HeroUidList:""FHND4GUL6NF"" HeroUidList:""FHNDU7HIRGC"" HeroUidList:""FHNDYGTFNFC"" WallSkillList:0 WallSkillList:0 WallSkillList:0 > infoList:<PlanID:9 HeroUidList:""FHNDU7HIRGC"" HeroUidList:""FHND4PSZNPC"" HeroUidList:""FHNDU79M7SC"" HeroUidList:""FHNDU7YTQ5C"" HeroUidList:""FHNDYGTFNFC"" WallSkillList:0 WallSkillList:6010 WallSkillList:6023 > infoList:<PlanID:10 HeroUidList:""FHNDH8M418C"" HeroUidList:""FHNDYSAMAOP"" HeroUidList:""FHNDHI55O0M"" HeroUidList:""FHNDHP8ERMC"" HeroUidList:""FHND46FBCEC"" WallSkillList:6020 WallSkillList:6014 WallSkillList:0 > infoList:<PlanID:11 HeroUidList:""FHNDU7HIRGC"" HeroUidList:""FHNDU79M7SC"" HeroUidList:""FHND4PSZNPC"" HeroUidList:""FHNDYGTFNFC"" HeroUidList:""FHNDU7YTQ5C"" heroList:<HeroUid:""FHNDU7HIRGC"" HeroID:13 Star:14 Grade:0 Level:1 Seat:1 Force:12509163170 Attributes:<Type:117 Value:0.30000000000000004 > Attributes:<Type:113 Value:0.24000000000000002 > Attributes:<Type:134 Value:0.30000000000000004 > Attributes:<Type:105 Value:0.16000000000000003 > Attributes:<Type:127 Value:0.1 > Attributes:<Type:120 Value:0.15 > Attributes:<Type:130 Value:0.22799999999999998 > Attributes:<Type:14 Value:0.02 > Attributes:<Type:206 Value:0.05 > Attributes:<Type:122 Value:0.155 > Attributes:<Type:104 Value:0.225 > Attributes:<Type:115 Value:0.28 > Attributes:<Type:102 Value:0.126 > Attributes:<Type:116 Value:0.31500000000000006 > Attributes:<Type:1 Value:6.039907927953671e+09 > Attributes:<Type:114 Value:0.28 > Attributes:<Type:207 Value:0.175 > Attributes:<Type:205 Value:0.2 > Attributes:<Type:118 Value:0.2 > Attributes:<Type:133 Value:0.31500000000000006 > Attributes:<Type:121 Value:0.06 > Attributes:<Type:204 Value:0.03 > Attributes:<Type:131 Value:0.29000000000000004 > Attributes:<Type:145 Value:0.05 > Attributes:<Type:124 Value:0.6 > Attrib",2025-04-03 10:10:35
GATNDTR0I6AC,875,"infoList:<PlanID:14 HeroUidList:""FHND8DNVUZC"" HeroUidList:""FHNDUFKMP6C"" HeroUidList:""FHNDJPKX3NC"" HeroUidList:""FHNDA16PNPC"" HeroUidList:""FHNDENDTMKC"" > isInit:false ",2025-04-03 10:10:41
,990,"infoList:<PlanID:1 HeroUidList:""FHND5SNME8C"" HeroUidList:""FHNDYGMPVQC"" HeroUidList:""FHND72ZKNPC"" HeroUidList:""FHNDHUZZ6RC"" HeroUidList:""FHNDIKFODPC"" > infoList:<PlanID:16 HeroUidList:""FHND9PFB3AC"" HeroUidList:""FHNDJKWXLLC"" HeroUidList:""FHNDKSNO7AC"" HeroUidList:""FHND5S0NCAG"" HeroUidList:""FHND4SEHW9C"" WallSkillList:6000 WallSkillList:0 WallSkillList:0 > infoList:<PlanID:5 HeroUidList:""FHND72ZKNPC"" HeroUidList:""FHNDHUZZ6RC"" HeroUidList:""FHNDIKFODPC"" HeroUidList:""FHND5SNME8C"" HeroUidList:""FHNDYGMPVQC"" heroList:<HeroUid:""FHND72ZKNPC"" HeroID:36 Star:7 Grade:61 Level:3000 Seat:1 Force:1680888488 Attributes:<Type:117 Value:0.244 > Attributes:<Type:123 Value:0.1 > Attributes:<Type:134 Value:0.15 > Attributes:<Type:1 Value:8.323480176765914e+08 > Attributes:<Type:102 Value:0.06 > Attributes:<Type:124 Value:0.12 > Attributes:<Type:114 Value:0.24000000000000002 > Attributes:<Type:133 Value:0.198 > Attributes:<Type:14 Value:0 > Attributes:<Type:0 Value:1.0606755889970413e+08 > Attributes:<Type:116 Value:0.271 > Attributes:<Type:105 Value:0.11699999999999999 > Attributes:<Type:101 Value:0.1004 > Attributes:<Type:103 Value:0.1456 > Attributes:<Type:131 Value:0.178 > Attributes:<Type:132 Value:0.15 > Attributes:<Type:127 Value:0.024 > Attributes:<Type:128 Value:0.022 > Attributes:<Type:119 Value:0.08600000000000001 > Attributes:<Type:120 Value:0.042 > Attributes:<Type:130 Value:0.16 > Attributes:<Type:122 Value:0.11699999999999999 > Attributes:<Type:113 Value:0.23600000000000002 > Attributes:<Type:118 Value:0 > Attributes:<Type:104 Value:0.197 > Attributes:<Type:115 Value:0.22 > Attributes:<Type:121 Value:0.0372 > Attributes:<Type:100 Value:0 > CreateTime:1738686608 AltarCellID:0 Skin:0 SubStar:0 Awake:0 > heroList:<HeroUid:""FHNDHUZZ6RC"" HeroID:91 Star:5 Grade:61 Level:3000 Seat:2 Force:1723178160 Attributes:<Type:114 Value:0.24000000000000002 > Attributes:<Type:116 Value:0.271 > Attributes:<Type:130 Value:0.16 > Attributes:<Type:120 Value:0.042 > Attributes:<Type:14 Value:0 > Attributes:<Type:1 Value:8.525310154836186e+08 > Att",2025-04-03 13:34:04
PGG7NDLR2RGOC,726,"infoList:<PlanID:5 HeroUidList:""FHNDYD6PUQC"" HeroUidList:""FHNDKSNPCYC"" HeroUidList:""FHND9RPXPMC"" HeroUidList:""FHND3FY2WWC"" HeroUidList:""FHND4PKBGDC"" heroList:<HeroUid:""FHNDYD6PUQC"" HeroID:92 Star:8 Grade:85 Level:4219 Seat:1 Force:3208432049 Attributes:<Type:0 Value:2.0323756134364763e+08 > Attributes:<Type:204 Value:0.01 > Attributes:<Type:207 Value:0.075 > Attributes:<Type:113 Value:0.024 > Attributes:<Type:206 Value:0.02 > Attributes:<Type:119 Value:0.006 > Attributes:<Type:133 Value:0.02 > Attributes:<Type:118 Value:0 > Attributes:<Type:123 Value:0.015 > Attributes:<Type:131 Value:0.02 > Attributes:<Type:120 Value:0.03 > Attributes:<Type:121 Value:0.006 > Attributes:<Type:100 Value:0 > Attributes:<Type:14 Value:0 > Attributes:<Type:202 Value:0.0575 > Attributes:<Type:145 Value:0.05 > Attributes:<Type:122 Value:0.035 > Attributes:<Type:128 Value:0.01 > Attributes:<Type:130 Value:0.02 > Attributes:<Type:101 Value:0.0072 > Attributes:<Type:116 Value:0.025 > Attributes:<Type:102 Value:0.036 > Attributes:<Type:132 Value:0.02 > Attributes:<Type:117 Value:0.02 > Attributes:<Type:104 Value:0.035 > Attributes:<Type:124 Value:0.18 > Attributes:<Type:1 Value:1.5825315591923316e+09 > Attributes:<Type:105 Value:0.035 > Attributes:<Type:205 Value:0.15 > Attributes:<Type:203 Value:0.032 > Attributes:<Type:115 Value:0.024 > Attributes:<Type:110 Value:0.01 > Attributes:<Type:127 Value:0.024 > CreateTime:1739171121 AltarCellID:0 Skin:0 SubStar:0 Awake:0 > heroList:<HeroUid:""FHNDKSNPCYC"" HeroID:81 Star:7 Grade:85 Level:4210 Seat:2 Force:2872344453 Attributes:<Type:128 Value:0.01 > Attributes:<Type:14 Value:0 > Attributes:<Type:113 Value:0.024 > Attributes:<Type:206 Value:0.02 > Attributes:<Type:207 Value:0.075 > Attributes:<Type:130 Value:0.02 > Attributes:<Type:100 Value:0 > Attributes:<Type:124 Value:0.12 > Attributes:<Type:110 Value:0.01 > Attributes:<Type:119 Value:0.006 > Attributes:<Type:117 Value:0.02 > Attributes:<Type:127 Value:0.024 > Attributes:<Type:116 Value:0.025 > Attributes:<Type:0 Value:1.6788179253179502e+08 >",2025-04-03 13:34:28
GVWND4O7BLXC,566,"infoList:<PlanID:17 HeroUidList:""FHNDLM6WNPC"" HeroUidList:""FHND2QLU82C"" HeroUidList:""FHNDIIAREKC"" HeroUidList:""FHNDRF2P94C"" HeroUidList:""FHNDI9K3K1C"" WallSkillList:0 WallSkillList:6000 WallSkillList:0 > infoList:<PlanID:8 HeroUidList:""FHNDAG4H5VC"" HeroUidList:""FHND52VBEK0"" HeroUidList:""FHNDHR9MIYC"" HeroUidList:""FHND5UQJ5AC"" HeroUidList:""FHNDUZY9EQC"" WallSkillList:6001 WallSkillList:6010 WallSkillList:6000 > infoList:<PlanID:4 HeroUidList:""FHNDAG4H5VC"" HeroUidList:""FHNDLM6WNPC"" HeroUidList:""FHNDHR9MIYC"" HeroUidList:""FHND5UQJ5AC"" HeroUidList:""FHNDUZY9EQC"" heroList:<HeroUid:""FHNDAG4H5VC"" HeroID:92 Star:7 Grade:75 Level:3700 Seat:1 Force:2225741342 Attributes:<Type:0 Value:1.3796365327634045e+08 > Attributes:<Type:120 Value:0.036 > Attributes:<Type:133 Value:0.12000000000000001 > Attributes:<Type:134 Value:0.135 > Attributes:<Type:1 Value:1.1220321164654574e+09 > Attributes:<Type:203 Value:0.015 > Attributes:<Type:121 Value:0.06 > Attributes:<Type:123 Value:0.055 > Attributes:<Type:131 Value:0.11599999999999999 > Attributes:<Type:102 Value:0.144 > Attributes:<Type:118 Value:0 > Attributes:<Type:101 Value:0.0504 > Attributes:<Type:113 Value:0.10400000000000001 > Attributes:<Type:105 Value:0.13 > Attributes:<Type:14 Value:0 > Attributes:<Type:104 Value:0.15 > Attributes:<Type:115 Value:0.1 > Attributes:<Type:119 Value:0.0408 > Attributes:<Type:103 Value:0.0968 > Attributes:<Type:127 Value:0.02 > Attributes:<Type:122 Value:0.061 > Attributes:<Type:100 Value:0 > Attributes:<Type:117 Value:0.228 > Attributes:<Type:130 Value:0.108 > Attributes:<Type:116 Value:0.115 > Attributes:<Type:132 Value:0.10400000000000001 > Attributes:<Type:124 Value:0.12 > Attributes:<Type:128 Value:0.018 > Attributes:<Type:114 Value:0.1 > Attributes:<Type:207 Value:0.05 > CreateTime:1737320979 AltarCellID:0 Skin:0 SubStar:0 Awake:0 > heroList:<HeroUid:""FHNDLM6WNPC"" HeroID:34 Star:5 Grade:0 Level:1 Seat:2 Force:1715298233 Attributes:<Type:124 Value:0 > Attributes:<Type:203 Value:0.015 > Attributes:<Type:103 Value:0.0968 > Attributes:<Type:133 Valu",2025-04-03 13:36:50
GKCND3DZ4FJC,1120,"infoList:<PlanID:14 HeroUidList:""FHNDI8CLHHG"" HeroUidList:""FHNDIMRTNPC"" HeroUidList:""FHNDI1RJ0AC"" HeroUidList:""FHND4OYGVLC"" HeroUidList:""FHND4OOM7CC"" > isInit:false ",2025-04-03 13:37:19
PGC8NDEWD8CCC,1120,"infoList:<PlanID:14 HeroUidList:""FHNDI8CLHHG"" HeroUidList:""FHNDIMRTNPC"" HeroUidList:""FHNDI1RJ0AC"" HeroUidList:""FHND4OYGVLC"" HeroUidList:""FHND4OOM7CC"" > isInit:false ",2025-04-03 13:38:35
PFFUND5DXMS7C,1348,"infoList:<PlanID:1 HeroUidList:""FHND5DRDNPC"" HeroUidList:""FHNDEJ3JWYC"" HeroUidList:""FHND8K0WCFC"" HeroUidList:""FHND7HN4PVC"" HeroUidList:""FHND7TEJQMC"" > infoList:<PlanID:14 HeroUidList:""FHND5DRDNPC"" HeroUidList:""FHND7TEJQMC"" HeroUidList:""FHND8K0WCFC"" HeroUidList:""FHND7HN4PVC"" HeroUidList:""FHND5DXB8XC"" > infoList:<PlanID:3 HeroUidList:""FHNDEJ3JWYC"" HeroUidList:""FHND5DRDNPC"" HeroUidList:""FHND8K0WCFC"" HeroUidList:""FHND7HN4PVC"" HeroUidList:""FHND7TEJQMC"" heroList:<HeroUid:""FHNDEJ3JWYC"" HeroID:92 Star:5 Grade:44 Level:2172 Seat:1 Force:222727373 Attributes:<Type:103 Value:0.0528 > Attributes:<Type:128 Value:0.014 > Attributes:<Type:110 Value:0.01 > Attributes:<Type:127 Value:0.024 > Attributes:<Type:114 Value:0.066 > Attributes:<Type:132 Value:0.04 > Attributes:<Type:123 Value:0.026 > Attributes:<Type:0 Value:1.58627124044208e+07 > Attributes:<Type:115 Value:0.05 > Attributes:<Type:100 Value:0 > Attributes:<Type:116 Value:0.03 > Attributes:<Type:203 Value:0.0235 > Attributes:<Type:124 Value:0 > Attributes:<Type:105 Value:0.014 > Attributes:<Type:133 Value:0.044 > Attributes:<Type:102 Value:0.072 > Attributes:<Type:130 Value:0.044 > Attributes:<Type:117 Value:0.054 > Attributes:<Type:113 Value:0.066 > Attributes:<Type:1 Value:9.582567441267481e+07 > Attributes:<Type:121 Value:0.006 > Attributes:<Type:207 Value:0.075 > Attributes:<Type:119 Value:0.0228 > Attributes:<Type:205 Value:0.1 > Attributes:<Type:131 Value:0.036 > Attributes:<Type:134 Value:0.02 > Attributes:<Type:118 Value:0 > CreateTime:1743047040 AltarCellID:0 Skin:0 SubStar:0 Awake:0 > heroList:<HeroUid:""FHND5DRDNPC"" HeroID:35 Star:10 Grade:44 Level:2175 Seat:2 Force:368621321 Attributes:<Type:203 Value:0.0235 > Attributes:<Type:102 Value:0.072 > Attributes:<Type:113 Value:0.066 > Attributes:<Type:134 Value:0.02 > Attributes:<Type:110 Value:0.01 > Attributes:<Type:0 Value:2.4744454124918953e+07 > Attributes:<Type:121 Value:0.006 > Attributes:<Type:207 Value:0.075 > Attributes:<Type:119 Value:0.0228 > Attributes:<Type:205 Value:0.1 > Attributes:<Type:131 Value:0.",2025-04-03 13:39:14
GNINDNTXVGXC,260,"infoList:<PlanID:16 HeroUidList:""FHNDASAR4YC"" HeroUidList:""FHNDRB0W0EP"" HeroUidList:""FHNDS2DD3MP"" HeroUidList:""FHND2UOB8KC"" HeroUidList:""FHNDU9UCWCW"" WallSkillList:6012 WallSkillList:6013 WallSkillList:6000 > infoList:<PlanID:17 HeroUidList:""FHND20E6MKF"" HeroUidList:""FHNDRPKADGC"" HeroUidList:""FHNDWJFYGJC"" HeroUidList:""FHND3PVWWVC"" HeroUidList:""FHNDXFZS6LC"" WallSkillList:0 WallSkillList:0 WallSkillList:0 > infoList:<PlanID:20 HeroUidList:""FHNDXBHR1IC"" HeroUidList:""FHNDNT7ZNPC"" HeroUidList:""FHNDXFZS6LC"" HeroUidList:""FHND4P9BDPC"" HeroUidList:""FHND30P1YLC"" WallSkillList:6014 WallSkillList:6013 WallSkillList:6012 > infoList:<PlanID:5 HeroUidList:""FHNDASAR4YC"" HeroUidList:""FHND2F35ANC"" HeroUidList:""FHNDRB0W0EP"" HeroUidList:""FHND4UQAW3C"" HeroUidList:""FHNDXKDBJCG"" heroList:<HeroUid:""FHNDASAR4YC"" HeroID:92 Star:8 Grade:109 Level:5400 Seat:1 Force:8923707193 Attributes:<Type:127 Value:0.044 > Attributes:<Type:102 Value:0.054 > Attributes:<Type:103 Value:0.0408 > Attributes:<Type:122 Value:0.027999999999999997 > Attributes:<Type:104 Value:0.045 > Attributes:<Type:115 Value:0.07500000000000001 > Attributes:<Type:110 Value:0.028 > Attributes:<Type:114 Value:0.066 > Attributes:<Type:205 Value:0.075 > Attributes:<Type:132 Value:0.066 > Attributes:<Type:202 Value:0.049 > Attributes:<Type:123 Value:0.031 > Attributes:<Type:113 Value:0.07100000000000001 > Attributes:<Type:119 Value:0.0408 > Attributes:<Type:14 Value:0.02 > Attributes:<Type:1 Value:4.336673802170887e+09 > Attributes:<Type:204 Value:0.02 > Attributes:<Type:131 Value:0.066 > Attributes:<Type:100 Value:0 > Attributes:<Type:101 Value:0.0432 > Attributes:<Type:120 Value:0.054 > Attributes:<Type:207 Value:0.05 > Attributes:<Type:133 Value:0.085 > Attributes:<Type:130 Value:0.054 > Attributes:<Type:128 Value:0.024 > Attributes:<Type:117 Value:0.076 > Attributes:<Type:121 Value:0.0108 > Attributes:<Type:105 Value:0.040999999999999995 > Attributes:<Type:118 Value:0 > Attributes:<Type:134 Value:0.085 > Attributes:<Type:116 Value:0.08 > Attributes:<Type:124 Value:0.18 > Attri",2025-04-03 13:41:29
PF8RND8ZRSHGC,1183,"infoList:<PlanID:14 HeroUidList:""FHNDBORWNPC"" HeroUidList:""FHNDZKDPU2C"" HeroUidList:""FHNDEXN5H5C"" HeroUidList:""FHND5BR1A3C"" HeroUidList:""FHND5I3HRMC"" > isInit:false ",2025-04-03 14:12:39
PFIYNDB8NIBVC,752,"infoList:<PlanID:1 HeroUidList:""FHNDKKCV17C"" HeroUidList:""FHNDYG5BHEC"" HeroUidList:""FHND3KC01EF"" HeroUidList:""FHND42QE0ZC"" HeroUidList:""FHND9M9XAUC"" > infoList:<PlanID:8 HeroUidList:""FHNDS9SRLBC"" HeroUidList:""FHNDSBKR99F"" HeroUidList:""FHNDS4QZNPC"" HeroUidList:""FHNDSYCYBNC"" HeroUidList:""FHNDSHVYWCC"" WallSkillList:6020 WallSkillList:0 WallSkillList:0 > infoList:<PlanID:13 HeroUidList:""FHNDYG5BHEC"" HeroUidList:""FHND42QE0ZC"" HeroUidList:""FHNDTP6AUVD"" HeroUidList:""FHNDI3Y1MLM"" HeroUidList:""FHNDSBKR99F"" WallSkillList:6014 WallSkillList:6021 WallSkillList:6010 > infoList:<PlanID:14 HeroUidList:""FHND3KC01EF"" HeroUidList:""FHND42QE0ZC"" HeroUidList:""FHNDYG5BHEC"" HeroUidList:""FHNDKKCV17C"" HeroUidList:""FHND9M9XAUC"" WallSkillList:0 WallSkillList:0 WallSkillList:0 > infoList:<PlanID:7 HeroUidList:""FHNDYG5BHEC"" HeroUidList:""FHND42QE0ZC"" HeroUidList:""FHNDTP6AUVD"" HeroUidList:""FHND9M9XAUC"" HeroUidList:""FHND3KC01EF"" WallSkillList:6011 WallSkillList:6020 WallSkillList:6021 > infoList:<PlanID:10 HeroUidList:""FHND4KKR0PN"" HeroUidList:""FHNDIFY0B3C"" HeroUidList:""FHND38U22OF"" HeroUidList:""FHNDTP6AUVD"" HeroUidList:""FHNDS49MFXC"" WallSkillList:6014 WallSkillList:6001 WallSkillList:6000 > infoList:<PlanID:16 HeroUidList:"""" HeroUidList:"""" HeroUidList:"""" HeroUidList:"""" HeroUidList:"""" WallSkillList:6001 WallSkillList:6000 WallSkillList:0 > infoList:<PlanID:18 HeroUidList:""FHND3KC01EF"" HeroUidList:""FHND42QE0ZC"" HeroUidList:""FHNDYG5BHEC"" HeroUidList:""FHNDKKCV17C"" HeroUidList:""FHND9M9XAUC"" WallSkillList:0 WallSkillList:0 WallSkillList:0 > infoList:<PlanID:5 HeroUidList:""FHND3KC01EF"" HeroUidList:""FHNDTP6AUVD"" HeroUidList:""FHNDYG5BHEC"" HeroUidList:""FHNDKKCV17C"" HeroUidList:""FHND42QE0ZC"" heroList:<HeroUid:""FHND3KC01EF"" HeroID:34 Star:16 Grade:160 Level:7950 Seat:1 Force:22436003895 Attributes:<Type:103 Value:0.14200000000000002 > Attributes:<Type:119 Value:0.0908 > Attributes:<Type:114 Value:0.132 > Attributes:<Type:132 Value:0.11599999999999999 > Attributes:<Type:206 Value:0.055 > Attributes:<Type:101 Value:0.0956 > Attributes:<Type:115 Value:0.12 >",2025-04-03 14:14:48
PFWRNDK7AXCFC,217,"infoList:<PlanID:17 HeroUidList:""FHND13GHAQF"" HeroUidList:""FHNDM8AX64C"" HeroUidList:""FHNDV006SVC"" HeroUidList:""FHNDN7OTQZW"" HeroUidList:""FHNDRG9V1AC"" WallSkillList:6010 WallSkillList:6020 WallSkillList:6024 > infoList:<PlanID:19 HeroUidList:""FHNDMQXF54C"" HeroUidList:""FHNDNPCBN0C"" HeroUidList:""FHNDM85V7QC"" HeroUidList:""FHNDL2ZJXCF"" HeroUidList:""FHND82ZWI3C"" WallSkillList:6030 WallSkillList:6025 WallSkillList:6024 > infoList:<PlanID:1 HeroUidList:""FHNDNDASTFC"" HeroUidList:""FHND4DWCU6C"" HeroUidList:""FHNDNMT2UBF"" HeroUidList:""FHNDX25ISZC"" HeroUidList:""FHNDAD13KFC"" > infoList:<PlanID:2 HeroUidList:""FHNDNDASTFC"" HeroUidList:""FHND4DWCU6C"" HeroUidList:""FHNDWCYKAAC"" HeroUidList:""FHNDX25ISZC"" HeroUidList:""FHNDNMT2UBF"" heroList:<HeroUid:""FHNDNMT2UBF"" HeroID:44 Star:15 Grade:0 Level:1 Seat:4 Force:8368698761 Attributes:<Type:132 Value:0.166 > Attributes:<Type:113 Value:0.23 > Attributes:<Type:130 Value:0.17 > Attributes:<Type:203 Value:0.0575 > Attributes:<Type:121 Value:0.049199999999999994 > Attributes:<Type:123 Value:0.118 > Attributes:<Type:102 Value:0.06 > Attributes:<Type:131 Value:0.17 > Attributes:<Type:1 Value:3.9623181585920186e+09 > Attributes:<Type:115 Value:0.244 > Attributes:<Type:207 Value:0.25 > Attributes:<Type:128 Value:0.022 > Attributes:<Type:0 Value:5.50797572823645e+08 > Attributes:<Type:118 Value:0.25 > Attributes:<Type:119 Value:0.0932 > Attributes:<Type:122 Value:0.108 > Attributes:<Type:134 Value:0.17 > Attributes:<Type:124 Value:0.6 > Attributes:<Type:205 Value:0.225 > Attributes:<Type:100 Value:0.15 > Attributes:<Type:204 Value:0.02 > Attributes:<Type:116 Value:0.216 > Attributes:<Type:105 Value:0.118 > Attributes:<Type:103 Value:0.1432 > Attributes:<Type:206 Value:0.035 > Attributes:<Type:14 Value:0.02 > Attributes:<Type:114 Value:0.21600000000000003 > Attributes:<Type:104 Value:0.158 > Attributes:<Type:117 Value:0.23199999999999998 > Attributes:<Type:101 Value:0.0658 > Attributes:<Type:120 Value:0.15 > Attributes:<Type:202 Value:0.0745 > Attributes:<Type:133 Value:0.158 > Attributes:<Type:127 Va",2025-04-03 14:15:04
PFO0ND9IZHGRC,1294,"infoList:<PlanID:1 HeroUidList:""FHNDE4GHI4C"" HeroUidList:""FHND527INPC"" HeroUidList:""FHND8A5ZN7C"" HeroUidList:""FHND527ZU5C"" HeroUidList:""FHNDAU9PSTC"" > infoList:<PlanID:8 HeroUidList:""FHNDJQQCGNC"" HeroUidList:""FHND5WPFLMG"" HeroUidList:""FHNDA99C20C"" HeroUidList:""FHND527ZU5C"" HeroUidList:""FHND527INPC"" WallSkillList:6000 WallSkillList:6001 WallSkillList:6010 > infoList:<PlanID:9 HeroUidList:""FHND5NX4NYC"" HeroUidList:""FHND5OCW0NC"" HeroUidList:""FHND5RWH63D"" HeroUidList:""FHNDA2YL6F0"" HeroUidList:""FHNDK2AILM1"" WallSkillList:0 WallSkillList:0 WallSkillList:0 > infoList:<PlanID:13 HeroUidList:""FHND6YMJD7G"" HeroUidList:""FHND5OCW0NC"" HeroUidList:""FHNDA99C20C"" HeroUidList:""FHNDK2AILM1"" HeroUidList:""FHNDJQQCGNC"" WallSkillList:6010 WallSkillList:0 WallSkillList:0 > infoList:<PlanID:5 HeroUidList:""FHND6YMJD7G"" HeroUidList:""FHNDA99C20C"" HeroUidList:""FHNDJQQCGNC"" HeroUidList:""FHND527ZU5C"" HeroUidList:""FHND527INPC"" heroList:<HeroUid:""FHND6YMJD7G"" HeroID:14 Star:11 Grade:0 Level:1 Seat:1 Force:1065461085 Attributes:<Type:14 Value:0.02 > Attributes:<Type:101 Value:0.041999999999999996 > Attributes:<Type:203 Value:0.049 > Attributes:<Type:122 Value:0.064 > Attributes:<Type:130 Value:0.059 > Attributes:<Type:131 Value:0.117 > Attributes:<Type:206 Value:0.015 > Attributes:<Type:133 Value:0.123 > Attributes:<Type:132 Value:0.059 > Attributes:<Type:110 Value:0.012 > Attributes:<Type:120 Value:0.03 > Attributes:<Type:207 Value:0.075 > Attributes:<Type:118 Value:0.1 > Attributes:<Type:134 Value:0.085 > Attributes:<Type:103 Value:0.048 > Attributes:<Type:102 Value:0.066 > Attributes:<Type:137 Value:0.005 > Attributes:<Type:104 Value:0.067 > Attributes:<Type:123 Value:0.04 > Attributes:<Type:139 Value:0.005 > Attributes:<Type:205 Value:0.15 > Attributes:<Type:115 Value:0.055 > Attributes:<Type:0 Value:6.92532272525868e+07 > Attributes:<Type:105 Value:0.06999999999999999 > Attributes:<Type:116 Value:0.11900000000000001 > Attributes:<Type:202 Value:0.032 > Attributes:<Type:121 Value:0.041999999999999996 > Attributes:<Type:128 Value:0.012 > Attr",2025-04-03 14:16:40
GXAND1V41K9C,376,"infoList:<PlanID:15 HeroUidList:""FHNDX4FS3BG"" HeroUidList:""FHNDXYVP72F"" HeroUidList:""FHNDXMOA9GC"" HeroUidList:""FHNDJ13YAJC"" HeroUidList:""FHNDRUL3KXC"" WallSkillList:6011 WallSkillList:6021 WallSkillList:6020 > infoList:<PlanID:17 HeroUidList:""FHNDAMH81BC"" HeroUidList:""FHNDW6DB4AC"" HeroUidList:""FHNDX7BO24C"" HeroUidList:""FHND39G5NPC"" HeroUidList:""FHND3FYS93C"" WallSkillList:6010 WallSkillList:6024 WallSkillList:6000 > infoList:<PlanID:14 HeroUidList:""FHNDXMOA9GC"" HeroUidList:""FHNDRUL3KXC"" HeroUidList:""FHNDXYVP72F"" HeroUidList:""FHNDAMH81BC"" HeroUidList:""FHND1LH6CTC"" > infoList:<PlanID:1 HeroUidList:""FHNDXMOA9GC"" HeroUidList:""FHNDJ13YAJC"" HeroUidList:""FHNDVP5R07C"" HeroUidList:""FHNDAMH81BC"" HeroUidList:""FHNDRUL3KXC"" > infoList:<PlanID:3 HeroUidList:""FHNDX4FS3BG"" HeroUidList:""FHNDVP5R07C"" HeroUidList:""FHNDJ13YAJC"" HeroUidList:""FHNDXMOA9GC"" HeroUidList:""FHNDRUL3KXC"" heroList:<HeroUid:""FHNDX4FS3BG"" HeroID:32 Star:12 Grade:0 Level:1 Seat:1 Force:10783784726 Attributes:<Type:101 Value:0.0516 > Attributes:<Type:103 Value:0.08600000000000001 > Attributes:<Type:206 Value:0.02 > Attributes:<Type:118 Value:0.05 > Attributes:<Type:14 Value:0.02 > Attributes:<Type:205 Value:0.075 > Attributes:<Type:120 Value:0.036 > Attributes:<Type:144 Value:0.005 > Attributes:<Type:140 Value:0.005 > Attributes:<Type:119 Value:0.036 > Attributes:<Type:116 Value:0.20900000000000002 > Attributes:<Type:139 Value:0.005 > Attributes:<Type:0 Value:7.184283449690348e+08 > Attributes:<Type:105 Value:0.11499999999999999 > Attributes:<Type:127 Value:0.024 > Attributes:<Type:117 Value:0.245 > Attributes:<Type:121 Value:0.036 > Attributes:<Type:130 Value:0.10500000000000001 > Attributes:<Type:114 Value:0.159 > Attributes:<Type:1 Value:5.03635794678054e+09 > Attributes:<Type:113 Value:0.10500000000000001 > Attributes:<Type:128 Value:0.024 > Attributes:<Type:134 Value:0.189 > Attributes:<Type:202 Value:0.066 > Attributes:<Type:132 Value:0.10500000000000001 > Attributes:<Type:133 Value:0.181 > Attributes:<Type:143 Value:0.005 > Attributes:<Type:137 Value:0.005 >",2025-04-03 14:18:20
G79NDU5W735C,965,"infoList:<PlanID:14 HeroUidList:""FHNDJWD3NPC"" HeroUidList:""FHND6PS4QMC"" HeroUidList:""FHND46OOXSF"" HeroUidList:""FHND4L3OFUC"" HeroUidList:""FHND4GE3321"" WallSkillList:0 WallSkillList:0 WallSkillList:0 > isInit:false ",2025-04-03 15:57:51
